========================================================================
READ_ASCII_FILE: unknown
READ_ASCII_FILE: File: input.nml
========================================================================
READ_INPUT_NML: unknown
READ_INPUT_NML: input.nml 
  &coupler_nml
         months = 12,
         days   = 0,
         current_date = 0001,1,1,0,0,0,
         calendar = 'NOLEAP',
         dt_cpld = 7200,
         dt_atmos = 7200,
         do_atmos = .false.,
         do_land = .false.,
         do_ice = .true.,
         do_ocean = .true.,
         atmos_npes = 0,
         ocean_npes = 0,
         concurrent = .false.
         use_lag_fluxes=.true.
         check_stocks=0
 /
 
  &data_override_nml
 
 /
 
  &diag_integral_nml
             file_name = 'diag_integral.out'
 	    time_units = 'days'
 	    output_interval = -1.0
 /
 
  &diag_manager_nml
         max_output_fields=400
         max_input_fields=400
         issue_oor_warnings = .FALSE.
 /
 
  &flux_exchange_nml
             do_area_weighted_flux=.false.
 /
 
  &fms_io_nml
          threading_read='multi'
          threading_write='single'
          fileset_write='single'
 /
 
  &fms_nml
        clock_grain='LOOP'
 /
 
  &generic_tracer_nml
         do_generic_tracer=.true.
         do_generic_CFC=.true.
         do_generic_SF6=.true.
         do_generic_TOPAZ=.false.
 /
 
  &ice_model_nml
        nsteps_dyn=72
        nsteps_adv=1
        num_part=6
        spec_ice=.false.
        ice_bulk_salin=0.005
        alb_sno=0.85
        alb_ice=0.68
        t_range_melt=1.0
        heat_rough_ice=5.0e-4
        mom_rough_ice=5.0e-4
        wd_turn=0.0
        do_icebergs = .false.
 /
 
  &monin_obukhov_nml
             neutral = .true.
 /
 
  &ocean_adv_vel_diag_nml
       diag_step=60
       verbose_cfl=.false.
       max_cfl_value=100.0
       large_cfl_value=10.0
 /
 
  &ocean_advection_velocity_nml
       max_advection_velocity=.50
 /
 
  &ocean_albedo_nml
       ocean_albedo_option = 2
 /
 
  &ocean_barotropic_nml
       debug_this_module=.false.
       barotropic_time_stepping_A=.true.
       barotropic_time_stepping_B=.false.
       pred_corr_gamma=0.20
       smooth_eta_t_laplacian=.false.
       smooth_pbot_t_laplacian=.false.
       smooth_eta_t_biharmonic=.true.
       smooth_pbot_t_biharmonic=.true.
       smooth_eta_diag_laplacian=.true.
       vel_micom_lap_diag=1.0
       vel_micom_lap=.05
       vel_micom_bih=.01
       truncate_eta=.false.
       eta_max=8.0
       verbose_truncate=.true.
       frac_crit_cell_height=0.20
       diag_step=60
 /
 
  &ocean_bbc_nml
       uresidual=0.05
       cdbot=2.0e-3
       cdbot_roughness_length=.false.
       cdbot_hi=5.0e-3
       cdbot_lo=1.0e-3
 /
 
  &ocean_bbc_OFAM_nml
       read_tide_speed=.false.
       uresidual2_max=1.0 /
 
  &ocean_bih_friction_nml
       bih_friction_scheme='general'
 /
 
  &ocean_bih_tracer_nml
       use_this_module=.false.
 /
 
  &ocean_bihcst_friction_nml
       use_this_module=.false.
 /
 
  &ocean_bihgen_friction_nml
       use_this_module=.true.
       k_smag_iso=2.0
       k_smag_aniso=0.0
       vel_micom_iso=0.04
       vel_micom_aniso=0.0
       vel_micom_bottom=0.01
       eq_vel_micom_iso=0.0
       eq_vel_micom_aniso=0.0
       eq_lat_micom=0.0
       visc_crit_scale=.25
       equatorial_zonal=.false.
       bottom_5point=.true.
       ncar_boundary_scaling=.true.
       ncar_rescale_power=2
       ncar_vconst_4=2.e-8
       ncar_vconst_5=5
 /
 
  &ocean_convect_nml
       use_this_module=.false.
       convect_full_scalar=.true.
       convect_full_vector=.false.
 /
 
  &ocean_coriolis_nml
       use_this_module=.true.
       acor=0.50
 /
 
  &ocean_density_nml
       potrho_min=1028.0
       potrho_max=1038.0
       neutralrho_min=1020.0
       neutralrho_max=1030.0
       layer_nk=80
       eos_linear=.false.
  eos_preteos10=.true.
 /
 
  &ocean_domains_nml
         max_tracers = 20
 /
 
  &ocean_drifters_nml
       use_this_module=.false.
 /
 
  &ocean_form_drag_nml
       use_this_module=.false.
       cprime_aiki=.60
       use_form_drag_gbatch=.true.
       use_form_drag_aiki=.true.
       form_drag_gbatch_surf_layer=.false.
       visc_cbu_form_drag_max=1.0
       N_squared_min=1e-10
       form_drag_gbatch_f2overN2=.true.
       form_drag_aiki_scale_by_gm=.false.
       form_drag_aiki_scale_by_gradH=.true.
       form_drag_aiki_gradH_power=2.0
       form_drag_aiki_gradH_max=.025
 /
 
  &ocean_frazil_nml
       use_this_module=.true.
       freezing_temp_simple=.true.
       frazil_only_in_surface=.true.
 /
 
  &ocean_grids_nml
       debug_this_module=.false.
 /
 
  &ocean_increment_eta_nml
       use_this_module=.false.
 /
 
  &ocean_increment_tracer_nml
       use_this_module=.false.
 /
 
  &ocean_increment_velocity_nml
       use_this_module=.false.
 /
 
  &ocean_lap_friction_nml
       lap_friction_scheme='general'
 /
 
  &ocean_lap_tracer_nml
       use_this_module=.false.
 /
 
  &ocean_lapcst_friction_nml
       use_this_module=.false.
 /
 
  &ocean_lapgen_friction_nml
       use_this_module=.false.
       k_smag_iso=2.0
       k_smag_aniso=0.0
       bottom_5point=.true.
       vel_micom_iso=0.10
       eq_vel_micom_iso=0.0
       eq_lat_micom=0.0
       equatorial_zonal=.true.
       equatorial_zonal_lat=20.0
       equatorial_no_smag=.true.
       viscosity_ncar=.true.
       ncar_only_equatorial=.true.
       vconst_1=8.e6
       vconst_2=0.0
       vconst_3=0.80
       vconst_4=0.5e-8
       vconst_5=3
       vconst_6=3e8
       vconst_7=100.0
       restrict_polar_visc=.true.
       restrict_polar_visc_lat=60.0
       restrict_polar_visc_ratio=0.35
 /
 
  &ocean_mixdownslope_nml
       use_this_module=.true.
       debug_this_module=.false.
       read_mixdownslope_mask=.false.
       mixdownslope_mask_gfdl=.true.
       mixdownslope_npts=4
 /
 
  &ocean_model_nml
       layout = 16,12
       dt_ocean = 7200,
       time_tendency='twolevel'
       vertical_coordinate='zstar'
       baroclinic_split = 1
       surface_height_split = 1
       barotropic_split = 80
       debug=.false.
 /
 
  &ocean_momentum_source_nml
       use_this_module=.false.
 /
 
  &ocean_nphysicsA_nml
       use_this_module=.false.
       debug_this_module=.false.
       neutral_physics_limit=.true.
       neutral_physics_simple=.false.
       neutral_linear_gm_taper=.true.
       neutral_sine_taper=.true.
       tmask_neutral_on=.true.
 /
 
  &ocean_nphysicsB_nml
       use_this_module=.false.
 /
 
  &ocean_nphysicsC_nml
       use_this_module=.true.
       do_neutral_diffusion=.true.
       do_gm_skewsion=.true.
       gm_skewsion_modes=.false.
       gm_skewsion_bvproblem=.true.
       number_bc_modes=2
       bvp_bc_mode=2
       bvp_speed=0.0
       bvp_min_speed=0.1
       smooth_psi=.true.
       regularize_psi=.false.
       smax_psi=0.01
       epsln_bv_freq=1.e-12
       bv_freq_smooth_vert=.true.
       debug_this_module=.false.
       turb_blayer_min=50.0
       neutral_physics_limit=.true.
       neutral_eddy_depth=.true.
       tmask_neutral_on=.true.
 /
 
   &ocean_nphysics_util_nml
       nphysics_util_zero_init=.true.
       aredi=600.0
       agm=600.0
       aredi_equal_agm=.false.
       drhodz_mom4p1=.true.
       drhodz_smooth_horz=.false.
       drhodz_smooth_vert=.false.
       tracer_mix_micom=.false.
       vel_micom=0.0
       agm_closure=.true.
       agm_closure_scaling=0.07
       agm_closure_grid_scaling=.true.
       agm_closure_min=50.0
       agm_closure_max=600.0
       agm_closure_length_fixed=.false.
       agm_closure_length_rossby=.false.
       agm_closure_length_bczone=.false.
       agm_closure_baroclinic=.true.
       agm_closure_eden_greatbatch=.false.
       agm_closure_eden_gamma=0.0
       agm_closure_eady_smooth_vert=.true.
       agm_closure_eady_smooth_horz=.true.
       agm_closure_eady_cap=.true.
       agm_closure_eady_ave_mixed=.true.
       agm_smooth_space=.false.
       agm_smooth_time=.false.
       agm_damping_time=45.0
       agm_closure_length=50.e3
       agm_closure_buoy_freq=.004
       agm_closure_upper_depth=100.0
       agm_closure_lower_depth=2000.0
       rossby_radius_max=100e3
       rossby_radius_min=15e3
 /
 
 
  &ocean_nphysics_nml
       use_this_module=.true.
       debug_this_module=.false.
       use_nphysicsA=.false.
       use_nphysicsB=.false.
       use_nphysicsC=.true.
 /
 
  &ocean_obc_nml
 
 /
 
  &ocean_overexchange_nml
       use_this_module=.false.
       debug_this_module=.false.
       overexch_npts=4
       overexch_weight_far=.false.
       overflow_umax=5.0
 /
 
  &ocean_overflow_nml
       use_this_module=.false.
       debug_this_module=.false.
 /
 
  &ocean_passive_nml
 
 /
 
  &ocean_polar_filter_nml
       use_this_module=.false.
 /
 
  &ocean_pressure_nml
 
 /
 
  &ocean_rivermix_nml
       use_this_module=.true.
       debug_this_module=.false.
       river_insertion_thickness=40.0
       river_diffusion_thickness=0.0
       river_diffusivity=0.0
       river_diffuse_salt=.false.
       river_diffuse_temp=.false.
 /
 
  &ocean_riverspread_nml
 
 /
 
  &ocean_rough_nml
       	 rough_scheme = 'beljaars'
 /
 
  &ocean_sbc_OFAM_nml
       restore_mask_OFAM=.false.
       river_temp_OFAM=.false.
 /
 
  &ocean_sbc_nml
       use_waterflux=.true.
       temp_restore_tscale=-10.
       salt_restore_tscale=60.
       salt_restore_under_ice=.true.
       read_restore_mask=.false.
       restore_mask_gfdl=.true.
       max_ice_thickness=8.0
       salt_restore_as_salt_flux=.false.
       zero_net_water_restore=.true.
       zero_net_water_coupler=.true.
       zero_net_water_couple_restore=.true.
       zero_net_salt_restore=.true.
       avg_sfc_velocity=.true.
       avg_sfc_temp_salt_eta=.true.
       zero_water_fluxes=.false.
       zero_heat_fluxes=.false.
       zero_surface_stress=.false.
       runoff_salinity=0.0
 /
 
  &ocean_shortwave_csiro_nml
       use_this_module=.false.
 /
 
  &ocean_shortwave_csiro_OFAM_nml
  /
 
  &ocean_shortwave_gfdl_nml
       use_this_module=.true.
       debug_this_module=.false.
       read_chl=.true.
       zmax_pen=1000.0
       enforce_sw_frac=.true.
       optics_morel_antoine=.false.
       optics_manizza=.true.
 /
 
  &ocean_shortwave_jerlov_nml
       use_this_module=.false.
 /
 
  &ocean_shortwave_nml
       use_this_module=.true.
       use_shortwave_gfdl=.true.
       use_shortwave_csiro=.false.
 /
 
  &ocean_sigma_transport_nml
       use_this_module=.true.
       sigma_diffusion_on=.true.
       sigma_advection_on=.false.
       sigma_advection_sgs_only=.false.
       sigma_just_in_bottom_cell=.true.
       tmask_sigma_on=.false.
       sigma_diffusivity_ratio=1.e-6
       tracer_mix_micom=.true.
       vel_micom=0.50
       sigma_umax=0.01
       smooth_sigma_thickness=.true.
       smooth_sigma_velocity=.true.
       smooth_velmicom=0.2
       thickness_sigma_layer= 100.0
       thickness_sigma_max  = 100.0
       thickness_sigma_min  = 100.0
 /
 
  &ocean_sponges_eta_nml
       use_this_module=.false.
 /
 
  &ocean_sponges_tracer_nml
       use_this_module=.false.
       damp_coeff_3d=.false.
 /
 
  &ocean_sponges_velocity_nml
       use_this_module=.false.
 /
 
  &ocean_submesoscale_nml
       use_this_module=.true.
       debug_this_module=.false.
       use_hblt_equal_mld=.true.
       min_kblt=4
       smooth_hblt=.false.
       limit_psi=.true.
       limit_psi_velocity_scale=0.10
       front_length_deform_radius=.true.
       front_length_const=5e3
 /
 
  &ocean_tempsalt_nml
       temperature_variable='potential_temp'
       pottemp_2nd_iteration=.true.
       t_min=-5.0
       t_max = 55.0
       s_min = -1.0
       s_max = 55.0
       t_min_limit =-2.0
       t_max_limit =32.0
       s_min_limit =0.0
       s_max_limit =42.0
 /
 
  &ocean_thickness_nml
       debug_this_module=.false.
       debug_this_module_detail=.false.
       thickness_dzt_min_init=2.0
       thickness_dzt_min=1.0
       thickness_method='energetic'
       initialize_zero_eta=.false.
       read_rescale_rho0_mask=.false.
       rescale_rho0_mask_gfdl=.true.
       rescale_rho0_basin_label=7.0
       rescale_rho0_value=.75
 /
 
  &ocean_time_filter_nml
 
 /
 
  &ocean_topog_nml
       min_thickness=5.0
 /
 
  &ocean_tracer_advect_nml
       debug_this_module=.false.
       advect_sweby_all=.false.
 /
 
  &ocean_tracer_diag_nml
       tracer_conserve_days=1.0
       diag_step=60
       do_bitwise_exact_sum=.false.
 /
 
  &ocean_tracer_nml
       debug_this_module=.false.
       zero_tendency=.false.
       remap_depth_to_s_init=.false.
       zero_tracer_source=.false.
       limit_age_tracer=.true.
       age_tracer_max_init=0.0
       frazil_heating_before_vphysics=.false.
       frazil_heating_after_vphysics=.true.
 /
 
  &ocean_velocity_advect_nml
 
 /
 
  &ocean_velocity_diag_nml
       debug_this_module=.false.
       diag_step=60
       energy_diag_step=60
       max_cfl_value=100.0
       large_cfl_value=10.0
 /
 
  &ocean_velocity_nml
       truncate_velocity=.false.
       truncate_verbose=.true.
       truncate_velocity_value=2.0
       zero_tendency=.false.
       adams_bashforth_third=.true.
 /
 
  &ocean_vert_chen_nml
 
 /
 
  &ocean_vert_const_nml
 
 /
 
  &ocean_vert_gotm_nml
 
 /
 
  &ocean_vert_kpp_iow_nml
 
 /
 
  &ocean_vert_kpp_mom4p0_nml
 
 /
 
  &ocean_vert_kpp_mom4p1_nml
       use_this_module=.true.
       diff_cbt_iw=0.0
       visc_cbu_iw=0.0
       double_diffusion=.true.
       Ricr=0.3
       smooth_blmc=.true.
 /
 
  &ocean_vert_mix_nml
       aidif=1.0
       vert_mix_scheme='kpp_mom4p1'
       vert_diff_back_via_max=.true.
       use_diff_cbt_table=.false.
       linear_taper_diff_cbt_table=.false.
       bryan_lewis_diffusivity=.true.
       bryan_lewis_lat_depend=.true.
       bryan_lewis_lat_transition=35.0
       afkph_90=0.725
       dfkph_90=1.15
       sfkph_90=4.5e-5
       zfkph_90=2500.0e5
       afkph_00=0.675
       dfkph_00=1.15
       sfkph_00=4.5e-5
       zfkph_00=2500.0e5
 /
 
  &ocean_vert_pp_nml
 
 /
 
  &ocean_vert_tidal_nml
       use_this_module=.true.
       use_wave_dissipation=.true.
       use_drag_dissipation=.true.
       read_wave_dissipation=.false.
       fixed_wave_dissipation=.false.
       read_tide_speed=.true.
       read_roughness=.true.
       reading_roughness_amp=.true.
       reading_roughness_length=.false.
       roughness_scale=20.0e3
       tide_speed_data_on_t_grid=.true.
       drhodz_min=1e-12
       mixing_efficiency_n2depend=.true.
       max_wave_diffusivity=100.0e-4
       wave_energy_flux_max=0.10
       decay_scale=300.0
       shelf_depth_cutoff=160.0
       background_diffusivity=1.e-5
       background_viscosity=1.e-4
 /
 
  &ocean_xlandinsert_nml
       use_this_module=.false.
       verbose_init=.true.
 /
 
  &ocean_xlandmix_nml
       use_this_module=.false.
       verbose_init=.true.
       xlandmix_kmt=.true.
 /
 
  &oda_core_nml
 
 /
 
  &oda_nml
 
 /
 
  &sat_vapor_pres_nml
        construct_table_wrt_liq = .true.
        construct_table_wrt_liq_and_ice = .true.
 /
 
  &surface_flux_nml
             ncar_ocean_flux = .true.
 	    raoult_sat_vap = .true.
 /
 
  &xgrid_nml
             make_exchange_reproduce=.true.
 	    interp_method = 'second_order'
 /
 
 

MPP module unknown
MPP started with NPES=   192
Using MPI library for message passing...
Realtime clock resolution=  1.0000E-09 sec ( 999999999 ticks/sec)
Clock rolls over after   9.2234E+09 sec ( 9223372036854775806 ticks)

MPP Parameter module unknown

MPP Data module unknown

MPP_DOMAINS module unknown
 &MPP_IO_NML
 HEADER_BUFFER_VAL       =       16384,
 GLOBAL_FIELD_ON_ROOT_PE = T,
 IO_CLOCKS_ON    = F,
 SHUFFLE =           0,
 DEFLATE_LEVEL   =          -1,
 CF_COMPLIANCE   = F
 /

MPP_IO module unknown

Using netCDF library version 4.7.4 of May 24 2020 13:01:10 $

================================================================================
FMS_IO_MOD
unknown

================================================================================
FMS_MOD
unknown
 &FMS_NML
 READ_ALL_PE     = T,
 CLOCK_GRAIN     = LOOP            ,
 CLOCK_FLAGS     = NONE            ,
 WARNING_LEVEL   = warning ,
 IOSPEC_IEEE32   = -N ieee_32                                                      ,
 STACK_SIZE      =           0,
 DOMAINS_STACK_SIZE      =           0,
 PRINT_MEMORY_USAGE      = F
 /

================================================================================
CONSTANTS_MOD
unknown

================================================================================
$Id: coupler_main.F90,v 20.0 2013/12/13 23:27:07 fms Exp $
$Name: tikal $

================================================================================
TIME_MANAGER_MOD
unknown
 &COUPLER_NML
 CURRENT_DATE    = 3*1, 3*0,
 CALENDAR        = NOLEAP           ,
 FORCE_DATE_FROM_NAMELIST        = F,
 MONTHS  =          12,
 DAYS    =           0,
 HOURS   =           0,
 MINUTES =           0,
 SECONDS =           0,
 DT_CPLD =        7200,
 DT_ATMOS        =        7200,
 DO_ATMOS        = F,
 DO_LAND = F,
 DO_ICE  = T,
 DO_OCEAN        = T,
 DO_FLUX = T,
 ATMOS_NPES      =         192,
 OCEAN_NPES      =         192,
 ICE_NPES        =         192,
 LAND_NPES       =         192,
 ATMOS_NTHREADS  =           1,
 OCEAN_NTHREADS  =           1,
 CONCURRENT      = F,
 USE_LAG_FLUXES  = T,
 DO_CHKSUM       = F,
 CHECK_STOCKS    =           0,
 RESTART_INTERVAL        = 6*0
 /
  current date used = 2000 January  1  0:00:00 gmt

================================================================================
DIAG_UTIL_MOD
unknown

================================================================================
DIAG_DATA_MOD
unknown

================================================================================
DIAG_MANAGER_MOD
unknown
 &DIAG_MANAGER_NML
 APPEND_PELIST_NAME      = F,
 MIX_SNAPSHOT_AVERAGE_FIELDS     = F,
 MAX_OUTPUT_FIELDS       =         400,
 MAX_INPUT_FIELDS        =         400,
 MAX_AXES        =          60,
 DO_DIAG_FIELD_LOG       = F,
 WRITE_BYTES_IN_FILE     = F,
 DEBUG_DIAG_MANAGER      = F,
 MAX_NUM_AXIS_SETS       =          25,
 MAX_FILES       =          31,
 USE_CMOR        = F,
 ISSUE_OOR_WARNINGS      = F,
 OOR_WARNINGS_FATAL      = F,
 MAX_OUT_PER_IN_FIELD    =         150,
 FLUSH_NC_FILES  = F,
 REGION_OUT_USE_ALT_VALUE        = T,
 MAX_FIELD_ATTRIBUTES    =           4,
 MAX_FILE_ATTRIBUTES     =           2,
 MAX_AXIS_ATTRIBUTES     =           4,
 PREPEND_DATE    = T,
 WRITE_MANIFEST_FILE     = F
 /
========================================================================
READ_ASCII_FILE: unknown
READ_ASCII_FILE: File: diag_table
base date used =    1 January  1  0:00:00 gmt

================================================================================
DIAG_AXIS_MOD
unknown

================================================================================
TRACER_MANAGER_MOD
unknown

================================================================================
FIELD_MANAGER_MOD
unknown
"prog_tracers","ocean_mod","temp"                                                                                                                                                                                                                                                                                                                                                                                                                                                                                                                                                                                                                                                                                                                                                                                                                                                                                                                                                                                                                               
"prog_tracers","ocean_mod","salt"                                                                                                                                                                                                                                                                                                                                                                                                                                                                                                                                                                                                                                                                                                                                                                                                                                                                                                                                                                                                                               
"tracer_packages","ocean_mod","ocean_age_tracer"                                                                                                                                                                                                                                                                                                                                                                                                                                                                                                                                                                                                                                                                                                                                                                                                                                                                                                                                                                                                                
"prog_tracers","ocean_mod","age_global"                                                                                                                                                                                                                                                                                                                                                                                                                                                                                                                                                                                                                                                                                                                                                                                                                                                                                                                                                                                                                         
"namelists","ocean_mod","ocean_age_tracer/global"                                                                                                                                                                                                                                                                                                                                                                                                                                                                                                                                                                                                                                                                                                                                                                                                                                                                                                                                                                                                               
                                                                                                                                                                                                                                                                                                                                                                                                                                                                                                                                                                                                                                                                                                                                                                                                                                                                                                                                                                                                                                                                
 "TRACER", "atmos_mod", "sphum"                                                                                                                                                                                                                                                                                                                                                                                                                                                                                                                                                                                                                                                                                                                                                                                                                                                                                                                                                                                                                                 
# sphum must be present on land as well                                                                                                                                                                                                                                                                                                                                                                                                                                                                                                                                                                                                                                                                                                                                                                                                                                                                                                                                                                                                                         
 "TRACER", "land_mod",     "sphum"                                                                                                                                                                                                                                                                                                                                                                                                                                                                                                                                                                                                                                                                                                                                                                                                                                                                                                                                                                                                                              
                                                                                                                                                                                                                                                                                                                                                                                                                                                                                                                                                                                                                                                                                                                                                                                                                                                                                                                                                                                                                                                                
                                                                                                                                                                                                                                                                                                                                                                                                                                                                                                                                                                                                                                                                                                                                                                                                                                                                                                                                                                                                                                                                
                                                                                                                                                                                                                                                                                                                                                                                                                                                                                                                                                                                                                                                                                                                                                                                                                                                                                                                                                                                                                                                                
"tracer_packages","ocean_mod","generic_cfc"                                                                                                                                                                                                                                                                                                                                                                                                                                                                                                                                                                                                                                                                                                                                                                                                                                                                                                                                                                                                                     
                                                                                                                                                                                                                                                                                                                                                                                                                                                                                                                                                                                                                                                                                                                                                                                                                                                                                                                                                                                                                                                                
#"tracer_packages","ocean_mod","generic_sf6"                                                                                                                                                                                                                                                                                                                                                                                                                                                                                                                                                                                                                                                                                                                                                                                                                                                                                                                                                                                                                    
#names = _                                                                                                                                                                                                                                                                                                                                                                                                                                                                                                                                                                                                                                                                                                                                                                                                                                                                                                                                                                                                                                                      
#horizontal-advection-scheme = mdppm                                                                                                                                                                                                                                                                                                                                                                                                                                                                                                                                                                                                                                                                                                                                                                                                                                                                                                                                                                                                                            
#vertical-advection-scheme = mdppm                                                                                                                                                                                                                                                                                                                                                                                                                                                                                                                                                                                                                                                                                                                                                                                                                                                                                                                                                                                                                              
#min_tracer_limit=0.0                                                                                                                                                                                                                                                                                                                                                                                                                                                                                                                                                                                                                                                                                                                                                                                                                                                                                                                                                                                                                                           
#const_init_tracer=.true.                                                                                                                                                                                                                                                                                                                                                                                                                                                                                                                                                                                                                                                                                                                                                                                                                                                                                                                                                                                                                                       
#/                                                                                                                                                                                                                                                                                                                                                                                                                                                                                                                                                                                                                                                                                                                                                                                                                                                                                                                                                                                                                                                              
                                                                                                                                                                                                                                                                                                                                                                                                                                                                                                                                                                                                                                                                                                                                                                                                                                                                                                                                                                                                                                                                
                                                                                                                                                                                                                                                                                                                                                                                                                                                                                                                                                                                                                                                                                                                                                                                                                                                                                                                                                                                                                                                                
                                                                                                                                                                                                                                                                                                                                                                                                                                                                                                                                                                                                                                                                                                                                                                                                                                                                                                                                                                                                                                                                
"rayleigh_damp_table","ocean_mod","rayleigh_damp_table"                                                                                                                                                                                                                                                                                                                                                                                                                                                                                                                                                                                                                                                                                                                                                                                                                                                                                                                                                                                                         
                                                                                                                                                                                                                                                                                                                                                                                                                                                                                                                                                                                                                                                                                                                                                                                                                                                                                                                                                                                                                                                                
                                                                                                                                                                                                                                                                                                                                                                                                                                                                                                                                                                                                                                                                                                                                                                                                                                                                                                                                                                                                                                                                
"tracer_packages","ocean_mod","csiro_bgc"                                                                                                                                                                                                                                                                                                                                                                                                                                                                                                                                                                                                                                                                                                                                                                                                                                                                                                                                                                                                                       
                                                                                                                                                                                                                                                                                                                                                                                                                                                                                                                                                                                                                                                                                                                                                                                                                                                                                                                                                                                                                                                                
"prog_tracers","ocean_mod","adic"                                                                                                                                                                                                                                                                                                                                                                                                                                                                                                                                                                                                                                                                                                                                                                                                                                                                                                                                                                                                                               
                                                                                                                                                                                                                                                                                                                                                                                                                                                                                                                                                                                                                                                                                                                                                                                                                                                                                                                                                                                                                                                                
"prog_tracers","ocean_mod","caco3"                                                                                                                                                                                                                                                                                                                                                                                                                                                                                                                                                                                                                                                                                                                                                                                                                                                                                                                                                                                                                              
                                                                                                                                                                                                                                                                                                                                                                                                                                                                                                                                                                                                                                                                                                                                                                                                                                                                                                                                                                                                                                                                
"prog_tracers","ocean_mod","alk"                                                                                                                                                                                                                                                                                                                                                                                                                                                                                                                                                                                                                                                                                                                                                                                                                                                                                                                                                                                                                                
                                                                                                                                                                                                                                                                                                                                                                                                                                                                                                                                                                                                                                                                                                                                                                                                                                                                                                                                                                                                                                                                
"prog_tracers","ocean_mod","dic"                                                                                                                                                                                                                                                                                                                                                                                                                                                                                                                                                                                                                                                                                                                                                                                                                                                                                                                                                                                                                                
                                                                                                                                                                                                                                                                                                                                                                                                                                                                                                                                                                                                                                                                                                                                                                                                                                                                                                                                                                                                                                                                
"prog_tracers","ocean_mod","no3"                                                                                                                                                                                                                                                                                                                                                                                                                                                                                                                                                                                                                                                                                                                                                                                                                                                                                                                                                                                                                                
                                                                                                                                                                                                                                                                                                                                                                                                                                                                                                                                                                                                                                                                                                                                                                                                                                                                                                                                                                                                                                                                
"prog_tracers","ocean_mod","phy"                                                                                                                                                                                                                                                                                                                                                                                                                                                                                                                                                                                                                                                                                                                                                                                                                                                                                                                                                                                                                                
                                                                                                                                                                                                                                                                                                                                                                                                                                                                                                                                                                                                                                                                                                                                                                                                                                                                                                                                                                                                                                                                
"prog_tracers","ocean_mod","o2"                                                                                                                                                                                                                                                                                                                                                                                                                                                                                                                                                                                                                                                                                                                                                                                                                                                                                                                                                                                                                                 
                                                                                                                                                                                                                                                                                                                                                                                                                                                                                                                                                                                                                                                                                                                                                                                                                                                                                                                                                                                                                                                                
"prog_tracers","ocean_mod","fe"                                                                                                                                                                                                                                                                                                                                                                                                                                                                                                                                                                                                                                                                                                                                                                                                                                                                                                                                                                                                                                 
                                                                                                                                                                                                                                                                                                                                                                                                                                                                                                                                                                                                                                                                                                                                                                                                                                                                                                                                                                                                                                                                
"prog_tracers","ocean_mod","zoo"                                                                                                                                                                                                                                                                                                                                                                                                                                                                                                                                                                                                                                                                                                                                                                                                                                                                                                                                                                                                                                
                                                                                                                                                                                                                                                                                                                                                                                                                                                                                                                                                                                                                                                                                                                                                                                                                                                                                                                                                                                                                                                                
"prog_tracers","ocean_mod","det"                                                                                                                                                                                                                                                                                                                                                                                                                                                                                                                                                                                                                                                                                                                                                                                                                                                                                                                                                                                                                                
                                                                                                                                                                                                                                                                                                                                                                                                                                                                                                                                                                                                                                                                                                                                                                                                                                                                                                                                                                                                                                                                
"namelists","ocean_mod","csiro_bgc/_"                                                                                                                                                                                                                                                                                                                                                                                                                                                                                                                                                                                                                                                                                                                                                                                                                                                                                                                                                                                                                           
                                                                                                                                                                                                                                                                                                                                                                                                                                                                                                                                                                                                                                                                                                                                                                                                                                                                                                                                                                                                                                                                
"namelists","ocean_mod","csiro_bgc/*global*"                                                                                                                                                                                                                                                                                                                                                                                                                                                                                                                                                                                                                                                                                                                                                                                                                                                                                                                                                                                                                    
                                                                                                                                                                                                                                                                                                                                                                                                                                                                                                                                                                                                                                                                                                                                                                                                                                                                                                                                                                                                                                                                
                                                                                                                                                                                                                                                                                                                                                                                                                                                                                                                                                                                                                                                                                                                                                                                                                                                                                                                                                                                                                                                                
                                                                                                                                                                                                                                                                                                                                                                                                                                                                                                                                                                                                                                                                                                                                                                                                                                                                                                                                                                                                                                                                
 ----------------------------------------------------
 Contents of tracer entry            1
 Model type and field name
 Model                :            1
 Field name           : sphum
 Tracer units         : kg/kg
 Tracer longname      : specific humidity
 Tracer is_prognostic :  T
 ----------------------------------------------------
Number of tracers in field table for atmospheric model =    1
Number of tracers in field table for oceanic model =    0
 ----------------------------------------------------
 Contents of tracer entry            2
 Model type and field name
 Model                :            3
 Field name           : sphum
 Tracer units         : kg/kg
 Tracer longname      : specific humidity
 Tracer is_prognostic :  T
 ----------------------------------------------------
Number of tracers in field table for land model =    1
Number of tracers in field table for ice model =    0
Number of tracers in field table for coupler model =    0

================================================================================
coupler_types_mod
unknown

atmos model domain decomposition:    16 X   12
   pe,   is,  ie,  js,  je,    isd, ied, jsd, jed

================================================================================
$Id: diag_integral.F90,v 20.0 2013/12/13 23:17:05 fms Exp $
$Name: tikal $
 &DIAG_INTEGRAL_NML
 OUTPUT_INTERVAL =  -1.00000000000000     ,
 TIME_UNITS      = days    ,
 FILE_NAME       = diag_integral.out                                               ,
 PRINT_HEADER    = T,
 FIELDS_PER_PRINT_LINE   =           4
 /
 &DATA_OVERRIDE_NML
 DEBUG_DATA_OVERRIDE     = F,
 GRID_CENTER_BUG = F
 /

================================================================================
HORIZ_INTERP_MOD
unknown
 &HORIZ_INTERP_NML
 REPRODUCE_SIENA = F
 /

================================================================================
HORIZ_INTERP_CONSERVE_MOD
unknown

================================================================================
HORIZ_INTERP_BILINEAR_MOD
unknown

================================================================================
HORIZ_INTERP_BICUBIC_MOD
unknown

================================================================================
horiz_interp_spherical_mod
unknown

================================================================================
DATA_OVERRIDE_MOD
unknown

================================================================================
TIME_INTERP_EXTERNAL_MOD
unknown
 &TIME_INTERP_EXTERNAL_NML
 NUM_IO_BUFFERS  =           2,
 DEBUG_THIS_MODULE       = F,
 MAX_FIELDS      =         100,
 MAX_FILES       =          40
 /

================================================================================
TIME_INTERP_MOD
unknown
 &TIME_INTERP_NML
 PERTHLIKE_BEHAVIOR      = F
 /

================================================================================
$Id: land_model.F90,v 20.0 2013/12/13 23:31:21 fms Exp $
$Name: tikal $

land model domain decomposition:    16 X   12
   pe,   is,  ie,  js,  je,    isd, ied, jsd, jed
 &DATA_OVERRIDE_NML
 DEBUG_DATA_OVERRIDE     = F,
 GRID_CENTER_BUG = F
 /
 &ICE_MODEL_NML
 MOM_ROUGH_ICE   =  5.000000000000000E-004,
 HEAT_ROUGH_ICE  =  5.000000000000000E-004,
 P0      =   27500.0000000000     ,
 C0      =   20.0000000000000     ,
 CDW     =  3.240000000000000E-003,
 WD_TURN =  0.000000000000000E+000,
 KMELT   =   240.000000000000     ,
 ALB_SNO =  0.850000000000000     ,
 ALB_ICE =  0.680000000000000     ,
 PEN_ICE =  0.300000000000000     ,
 OPT_DEP_ICE     =  0.670000000000000     ,
 NSTEPS_DYN      =          72,
 NSTEPS_ADV      =           1,
 NUM_PART        =           6,
 ATMOS_WINDS     = T,
 SLAB_ICE        = F,
 SPEC_ICE        = F,
 ICE_BULK_SALIN  =  5.000000000000000E-003,
 LAYOUT  = 2*0,
 DO_ICE_RESTORE  = F,
 DO_ICE_LIMIT    = F,
 MAX_ICE_LIMIT   =   4.00000000000000     ,
 ICE_RESTORE_TIMESCALE   =   5.00000000000000     ,
 SLP2OCEAN       = F,
 CONSERVATION_CHECK      = T,
 T_RANGE_MELT    =   1.00000000000000     ,
 CM2_BUGS        = F,
 KS      =  0.310000000000000     ,
 H_LO_LIM        =  0.000000000000000E+000,
 VERBOSE = F,
 DO_ICEBERGS     = F,
 ADD_DIURNAL_SW  = F,
 IO_LAYOUT       = 2*0,
 CHANNEL_VISCOSITY       =  0.000000000000000E+000,
 SMAG_OCN        =  0.150000000000000     ,
 SSH_GRAVITY     =   9.81000000000000     ,
 CHAN_CFL_LIMIT  =  0.250000000000000     ,
 DO_SUN_ANGLE_FOR_ALB    = F,
 MASK_TABLE      = INPUT/ice_mask_table                                                                                                            ,
 REPRODUCE_SIENA_201303  = T
 /

================================================================================
$Id: ice_type.F90,v 20.0 2013/12/13 23:28:32 fms Exp $
$Name: tikal $

ice model domain decomposition:   192 X    1
   pe,   is,  ie,  js,  je,    isd, ied, jsd, jed

ice_nohalo domain decomposition:   192 X    1
   pe,   is,  ie,  js,  je,    isd, ied, jsd, jed
 &DATA_OVERRIDE_NML
 DEBUG_DATA_OVERRIDE     = F,
 GRID_CENTER_BUG = F
 /
 &OCEAN_PARAMETERS_NML
 CP_OCEAN        =   3992.10322329649     ,
 CP_LIQUID_RUNOFF        =   4218.00000000000     ,
 CP_SOLID_RUNOFF =   2106.00000000000     ,
 RHO0    =   1035.00000000000     ,
 TFREEZE =   273.150000000000     ,
 OMEGA_EARTH     =  7.292100000000000E-005,
 GRAV    =   9.80000000000000     
 /

$Id: ocean_parameters.F90,v 20.0 2013/12/14 00:10:55 fms Exp $


================================================================================
$Id: ocean_model.F90,v 20.0 2013/12/14 00:10:47 fms Exp $
$Name: tikal $
 &OCEAN_MODEL_NML
 TIME_TENDENCY   = twolevel                        ,
 IMPOSE_INIT_FROM_RESTART        = F,
 REINITIALIZE_THICKNESS  = F,
 BAROCLINIC_SPLIT        =           1,
 BAROTROPIC_SPLIT        =          80,
 SURFACE_HEIGHT_SPLIT    =           1,
 LAYOUT  =          16,          12,
 IO_LAYOUT       = 2*0,
 DEBUG   = F,
 VERTICAL_COORDINATE     = zstar                           ,
 DT_OCEAN        =        7200,
 CMIP_UNITS      = F,
 CMIP_VERSION    =           5,
 HORIZONTAL_GRID = bgrid                           ,
 USE_BLOBS       = F,
 USE_VELOCITY_OVERRIDE   = F,
 MASK_TABLE      = INPUT/ocean_mask_table                                                                                                          ,
 INTRODUCE_BLOBS = F,
 BETA_TXTY       =  0.000000000000000E+000,
 BETA_TF =  0.000000000000000E+000,
 BETA_QF =  0.000000000000000E+000,
 BETA_LWSW       =  0.000000000000000E+000,
 DO_WAVE = F
 /

================================================================================
$Id: ocean_grids.F90,v 20.0 2013/12/14 00:10:44 fms Exp $
$Name: tikal $
 &OCEAN_GRIDS_NML
 DEBUG_THIS_MODULE       = F,
 VERBOSE_INIT    = T,
 READ_RHO0_PROFILE       = F,
 DO_BITWISE_EXACT_SUM    = F,
 WRITE_GRID      = F
 /

================================================================================
$Id: ocean_domains.F90,v 20.0 2013/12/14 00:10:42 fms Exp $
$Name: tikal $
 &OCEAN_DOMAINS_NML
 HALO    =           1,
 MAX_TRACERS     =          20,
 X_CYCLIC_OFFSET =           0,
 Y_CYCLIC_OFFSET =           0
 /

mom_domain domain decomposition:    16 X   12
   pe,   is,  ie,  js,  je,    isd, ied, jsd, jed

ocean_super_grid domain decomposition:    16 X   12
   pe,   is,  ie,  js,  je,    isd, ied, jsd, jed

CVS $Id: ocean_topog.F90,v 20.0 2013/12/14 00:12:35 fms Exp $

 &OCEAN_TOPOG_NML
 FLAT_BOTTOM     = F,
 FLAT_BOTTOM_KMT =          50,
 FLAT_BOTTOM_HT  =   5500.00000000000     ,
 WRITE_TOPOG     = F,
 MIN_THICKNESS   =   5.00000000000000     ,
 KMT_RECOMPUTE   = F,
 KMT_RECOMPUTE_OFFSET    =           0,
 DEBUG_THIS_MODULE       = T
 /
 &OCEAN_OBC_NML
 NOBC    =           0,
 DIRECTION       =                                         ,
 NAME    = test_obc                        none                            none                            none                            ,
 IS      = 4*-999,
 IE      = 4*-999,
 JS      = 4*-999,
 JE      = 4*-999,
 IERS    = 4*-999,
 IERE    = 4*-999,
 JERS    = 4*-999,
 JERE    = 4*-999,
 ITRS    = 4*-999,
 ITRE    = 4*-999,
 JTRS    = 4*-999,
 JTRE    = 4*-999,
 OBC_NOR = NOGRAD                                                                                                                          NOGRAD                                                                                                                          NOGRAD                                                                                                                          NOGRAD                                                                                                                          ,
 OBC_TAN = NOGRAD                                                                                                                          NOGRAD                                                                                                                          NOGRAD                                                                                                                          NOGRAD                                                                                                                          ,
 OBC_ETA = NOTHIN                                                                                                                          NOTHIN                                                                                                                          NOTHIN                                                                                                                          NOTHIN                                                                                                                          ,
 OBC_UD  = NOGRAD                                                                                                                          NOGRAD                                                                                                                          NOGRAD                                                                                                                          NOGRAD                                                                                                                          ,
 OBC_TRA = NOGRAD                                                                                                                          NOGRAD                                                                                                                          NOGRAD                                                                                                                          NOGRAD                                                                                                                          NOGRAD                                                                                                                          NOGRAD                                                                                                                          NOGRAD                                                                                                                          NOGRAD                                                                                                               
            NOGRAD                                                                                                                          NOGRAD                                                                                                                          NOGRAD                                                                                                                          NOGRAD                                                                                                                          NOGRAD                                                                                                                          NOGRAD                                                                                                                          NOGRAD                                                                                                                          NOGRAD                                                                                                              
             NOGRAD                                                                                                                          NOGRAD                                                                                                                          NOGRAD                                                                                                                          NOGRAD                                                                                                                          NOGRAD                                                                                                                          NOGRAD                                                                                                                          NOGRAD                                                                                                                          NOGRAD                                                                                                             
              NOGRAD                                                                                                                          NOGRAD                                                                                                                          NOGRAD                                                                                                                          NOGRAD                                                                                                                          NOGRAD                                                                                                                          NOGRAD                                                                                                                          NOGRAD                                                                                                                          NOGRAD                                                                                                            
               NOGRAD                                                                                                                          NOGRAD                                                                                                                          NOGRAD                                                                                                                          NOGRAD                                                                                                                          NOGRAD                                                                                                                          NOGRAD                                                                                                                          NOGRAD                                                                                                                          NOGRAD                                                                                                           
                NOGRAD                                                                                                                          NOGRAD                                                                                                                          NOGRAD                                                                                                                          NOGRAD                                                                                                                          NOGRAD                                                                                                                          NOGRAD                                                                                                                          NOGRAD                                                                                                                          NOGRAD                                                                                                          
                 NOGRAD                                                                                                                          NOGRAD                                                                                                                          NOGRAD                                                                                                                          NOGRAD                                                                                                                          NOGRAD                                                                                                                          NOGRAD                                                                                                                          NOGRAD                                                                                                                          NOGRAD                                                                                                         
                  NOGRAD                                                                                                                          NOGRAD                                                                                                                          NOGRAD                                                                                                                          NOGRAD                                                                                                                          NOGRAD                                                                                                                          NOGRAD                                                                                                                          NOGRAD                                                                                                                          NOGRAD                                                                                                        
                   NOGRAD                                                                                                                          NOGRAD                                                                                                                          NOGRAD                                                                                                                          NOGRAD                                                                                                                          NOGRAD                                                                                                                          NOGRAD                                                                                                                          NOGRAD                                                                                                                          NOGRAD                                                                                                       
                    NOGRAD                                                                                                                          NOGRAD                                                                                                                          NOGRAD                                                                                                                          NOGRAD                                                                                                                          NOGRAD                                                                                                                          NOGRAD                                                                                                                          NOGRAD                                                                                                                          NOGRAD                                                                                                      
                     NOGRAD                                                                                                                          NOGRAD                                                                                                                          NOGRAD                                                                                                                          NOGRAD                                                                                                                          NOGRAD                                                                                                                          NOGRAD                                                                                                                          NOGRAD                                                                                                                          NOGRAD                                                                                                     
                      NOGRAD                                                                                                                          NOGRAD                                                                                                                          NOGRAD                                                                                                                          NOGRAD                                                                                                                          NOGRAD                                                                                                                          NOGRAD                                                                                                                          NOGRAD                                                                                                                          NOGRAD                                                                                                    
                       NOGRAD                                                                                                                          NOGRAD                                                                                                                          NOGRAD                                                                                                                          NOGRAD                                                                                                                          NOGRAD                                                                                                                          NOGRAD                                                                                                                          NOGRAD                                                                                                                          NOGRAD                                                                                                   
                        NOGRAD                                                                                                                          NOGRAD                                                                                                                          NOGRAD                                                                                                                          NOGRAD                                                                                                                          NOGRAD                                                                                                                          NOGRAD                                                                                                                          NOGRAD                                                                                                                          NOGRAD                                                                                                  
                         NOGRAD                                                                                                                          NOGRAD                                                                                                                          NOGRAD                                                                                                                          NOGRAD                                                                                                                          NOGRAD                                                                                                                          NOGRAD                                                                                                                          NOGRAD                                                                                                                          NOGRAD                                                                                                 
                          NOGRAD                                                                                                                          NOGRAD                                                                                                                          NOGRAD                                                                                                                          NOGRAD                                                                                                                          NOGRAD                                                                                                                          NOGRAD                                                                                                                          NOGRAD                                                                                                                          NOGRAD                                                                                                
                           NOGRAD                                                                                                                          NOGRAD                                                                                                                          NOGRAD                                                                                                                          NOGRAD                                                                                                                          NOGRAD                                                                                                                          NOGRAD                                                                                                                          NOGRAD                                                                                                                          NOGRAD                                                                                               
                            NOGRAD                                                                                                                          NOGRAD                                                                                                                          NOGRAD                                                                                                                          NOGRAD                                                                                                                          NOGRAD                                                                                                                          NOGRAD                                                                                                                          NOGRAD                                                                                                                          NOGRAD                                                                                              
                             NOGRAD                                                                                                                          NOGRAD                                                                                                                          NOGRAD                                                                                                                          NOGRAD                                                                                                                          NOGRAD                                                                                                                          NOGRAD                                                                                                                          NOGRAD                                                                                                                          NOGRAD                                                                                             
                              NOGRAD                                                                                                                          NOGRAD                                                                                                                          NOGRAD                                                                                                                          NOGRAD                                                                                                                          NOGRAD                                                                                                                          NOGRAD                                                                                                                          NOGRAD                                                                                                                          NOGRAD                                                                                            
                               ,
 OBC_MIX = NOGRAD                                                                                                                          NOGRAD                                                                                                                          NOGRAD                                                                                                                          NOGRAD                                                                                                                          ,
 REL_COEF_ETA_IN = 4*0.000000000000000E+000  ,
 REL_COEF_ETA_OUT        = 4*0.000000000000000E+000  ,
 REL_ETA_PNTS    = 4*1,
 REL_CLIN_PNTS   = 160*1,
 CTROP_MAX       = 4*1.50000000000000        ,
 CTROP_MIN       = 4*0.100000000000000       ,
 CTROP_INC       = 4*0.000000000000000E+000  ,
 CTROP_SMOOTH    = 4*0.700000000000000       ,
 FILENAME_ETA    = obc_eta_t.nc                                                                                                                                                                                                                                                    none                                                                                                                                                                                                                                                            none                                                                                                                                                                                                                                                            none                                                                                                                                                                                                                                         
                    ,
 FIELDNAME_ETA   = eta_t                           none                            none                            none                            ,
 FILENAME_UD     = obc_ud.nc                                                                                                                                                                                                                                                       none                                                                                                                                                                                                                                                            none                                                                                                                                                                                                                                                            none                                                                                                                                                                                                                                         
                    ,
 FIELDNAME_UD    = ud                              none                            none                            none                            ,
 OBC_CONSIDER_CONVU      = 4*F,
 OBC_ADJUST_FORCING_BT   = 4*F,
 OBC_VERT_ADVEL_T        = 4*F,
 OBC_VERT_ADVEL_U        = 4*F,
 OBC_ENHANCE_VISC_BACK   = NONE                                                                                                                            NONE                                                                                                                            NONE                                                                                                                            NONE                                                                                                                            ,
 OBC_ENHANCE_DIFF_BACK   = NONE            NONE            NONE            NONE            ,
 ENH_PNTS        = 4*1,
 ENH_FAC_V       = 4*0.900000000000000       ,
 ENH_FAC_D       = 4*1.00000000000000        ,
 OBC_RELAX_TRACER        = 160*F,
 OBC_FLOW_RELAX  = 160*1,
 OBC_CONSIDER_SOURCES    = 160*F,
 OBC_TRACER_NO_INFLOW    = 160*F,
 REL_COEF_TRACER_IN      = 160*0.000000000000000E+000  ,
 REL_COEF_TRACER_OUT     = 160*0.000000000000000E+000  ,
 FILENAME_TRACER = INPUT/obc_tr.nc                                                                                                                                                                                                                                                 INPUT/obc_tr.nc                                                                                                                                                                                                                                                 INPUT/obc_tr.nc                                                                                                                                                                                                                                                 INPUT/obc_tr.nc                                                                                                                                                                                                                              
                    INPUT/obc_tr.nc                                                                                                                                                                                                                                                 INPUT/obc_tr.nc                                                                                                                                                                                                                                                 INPUT/obc_tr.nc                                                                                                                                                                                                                                                 INPUT/obc_tr.nc                                                                                                                                                                                                                             
                     none                                                                                                                                                                                                                                                            none                                                                                                                                                                                                                                                            none                                                                                                                                                                                                                                                            none                                                                                                                                                                                                                                       
                      none                                                                                                                                                                                                                                                            none                                                                                                                                                                                                                                                            none                                                                                                                                                                                                                                                            none                                                                                                                                                                                                                                      
                       none                                                                                                                                                                                                                                                            none                                                                                                                                                                                                                                                            none                                                                                                                                                                                                                                                            none                                                                                                                                                                                                                                     
                        none                                                                                                                                                                                                                                                            none                                                                                                                                                                                                                                                            none                                                                                                                                                                                                                                                            none                                                                                                                                                                                                                                    
                         none                                                                                                                                                                                                                                                            none                                                                                                                                                                                                                                                            none                                                                                                                                                                                                                                                            none                                                                                                                                                                                                                                   
                          none                                                                                                                                                                                                                                                            none                                                                                                                                                                                                                                                            none                                                                                                                                                                                                                                                            none                                                                                                                                                                                                                                  
                           none                                                                                                                                                                                                                                                            none                                                                                                                                                                                                                                                            none                                                                                                                                                                                                                                                            none                                                                                                                                                                                                                                 
                            none                                                                                                                                                                                                                                                            none                                                                                                                                                                                                                                                            none                                                                                                                                                                                                                                                            none                                                                                                                                                                                                                                
                             none                                                                                                                                                                                                                                                            none                                                                                                                                                                                                                                                            none                                                                                                                                                                                                                                                            none                                                                                                                                                                                                                               
                              none                                                                                                                                                                                                                                                            none                                                                                                                                                                                                                                                            none                                                                                                                                                                                                                                                            none                                                                                                                                                                                                                              
                               none                                                                                                                                                                                                                                                            none                                                                                                                                                                                                                                                            none                                                                                                                                                                                                                                                            none                                                                                                                                                                                                                             
                                none                                                                                                                                                                                                                                                            none                                                                                                                                                                                                                                                            none                                                                                                                                                                                                                                                            none                                                                                                                                                                                                                            
                                 none                                                                                                                                                                                                                                                            none                                                                                                                                                                                                                                                            none                                                                                                                                                                                                                                                            none                                                                                                                                                                                                                           
                                  none                                                                                                                                                                                                                                                            none                                                                                                                                                                                                                                                            none                                                                                                                                                                                                                                                            none                                                                                                                                                                                                                          
                                   none                                                                                                                                                                                                                                                            none                                                                                                                                                                                                                                                            none                                                                                                                                                                                                                                                            none                                                                                                                                                                                                                         
                                    none                                                                                                                                                                                                                                                            none                                                                                                                                                                                                                                                            none                                                                                                                                                                                                                                                            none                                                                                                                                                                                                                        
                                     none                                                                                                                                                                                                                                                            none                                                                                                                                                                                                                                                            none                                                                                                                                                                                                                                                            none                                                                                                                                                                                                                       
                                      none                                                                                                                                                                                                                                                            none                                                                                                                                                                                                                                                            none                                                                                                                                                                                                                                                            none                                                                                                                                                                                                                      
                                       none                                                                                                                                                                                                                                                            none                                                                                                                                                                                                                                                            none                                                                                                                                                                                                                                                            none                                                                                                                                                                                                                     
                                        none                                                                                                                                                                                                                                                            none                                                                                                                                                                                                                                                            none                                                                                                                                                                                                                                                            none                                                                                                                                                                                                                    
                                         none                                                                                                                                                                                                                                                            none                                                                                                                                                                                                                                                            none                                                                                                                                                                                                                                                            none                                                                                                                                                                                                                   
                                          none                                                                                                                                                                                                                                                            none                                                                                                                                                                                                                                                            none                                                                                                                                                                                                                                                            none                                                                                                                                                                                                                  
                                           none                                                                                                                                                                                                                                                            none                                                                                                                                                                                                                                                            none                                                                                                                                                                                                                                                            none                                                                                                                                                                                                                 
                                            none                                                                                                                                                                                                                                                            none                                                                                                                                                                                                                                                            none                                                                                                                                                                                                                                                            none                                                                                                                                                                                                                
                                             none                                                                                                                                                                                                                                                            none                                                                                                                                                                                                                                                            none                                                                                                                                                                                                                                                            none                                                                                                                                                                                                               
                                              none                                                                                                                                                                                                                                                            none                                                                                                                                                                                                                                                            none                                                                                                                                                                                                                                                            none                                                                                                                                                                                                              
                                               none                                                                                                                                                                                                                                                            none                                                                                                                                                                                                                                                            none                                                                                                                                                                                                                                                            none                                                                                                                                                                                                             
                                                none                                                                                                                                                                                                                                                            none                                                                                                                                                                                                                                                            none                                                                                                                                                                                                                                                            none                                                                                                                                                                                                            
                                                 none                                                                                                                                                                                                                                                            none                                                                                                                                                                                                                                                            none                                                                                                                                                                                                                                                            none                                                                                                                                                                                                           
                                                  none                                                                                                                                                                                                                                                            none                                                                                                                                                                                                                                                            none                                                                                                                                                                                                                                                            none                                                                                                                                                                                                          
                                                   none                                                                                                                                                                                                                                                            none                                                                                                                                                                                                                                                            none                                                                                                                                                                                                                                                            none                                                                                                                                                                                                         
                                                    none                                                                                                                                                                                                                                                            none                                                                                                                                                                                                                                                            none                                                                                                                                                                                                                                                            none                                                                                                                                                                                                        
                                                     none                                                                                                                                                                                                                                                            none                                                                                                                                                                                                                                                            none                                                                                                                                                                                                                                                            none                                                                                                                                                                                                       
                                                      none                                                                                                                                                                                                                                                            none                                                                                                                                                                                                                                                            none                                                                                                                                                                                                                                                            none                                                                                                                                                                                                      
                                                       none                                                                                                                                                                                                                                                            none                                                                                                                                                                                                                                                            none                                                                                                                                                                                                                                                            none                                                                                                                                                                                                     
                                                        none                                                                                                                                                                                                                                                            none                                                                                                                                                                                                                                                            none                                                                                                                                                                                                                                                            none                                                                                                                                                                                                    
                                                         none                                                                                                                                                                                                                                                            none                                                                                                                                                                                                                                                            none                                                                                                                                                                                                                                                            none                                                                                                                                                                                                   
                                                          none                                                                                                                                                                                                                                                            none                                                                                                                                                                                                                                                            none                                                                                                                                                                                                                                                            none                                                                                                                                                                                                  
                                                           ,
 FIELDNAME_TRACER        = temp_obc                        temp_obc                        temp_obc                        temp_obc                        salt_obc                        salt_obc                        salt_obc                        salt_obc                        none                            none                            none                            none                            none                            none                            none                            none                            none                            none                            none                            none                            none                            none                            none                            none                            none                            none                            none                            none                            none                            none                            none                            none 
                            none                            none                            none                            none                            none                            none                            none                            none                            none                            none                            none                            none                            none                            none                            none                            none                            none                            none                            none                            none                            none                            none                            none                            none                            none                            none                            none                            none                            none                            none                            none                            none
                             none                            none                            none                            none                            none                            none                            none                            none                            none                            none                            none                            none                            none                            none                            none                            none                            none                            none                            none                            none                            none                            none                            none                            none                            none                            none                            none                            none                            none                            none                            none                            non
 e                            none                            none                            none                            none                            none                            none                            none                            none                            none                            none                            none                            none                            none                            none                            none                            none                            none                            none                            none                            none                            none                            none                            none                            none                            none                            none                            none                            none                            none                            none                            none                            no
 ne                            none                            none                            none                            none                            none                            none                            none                            none                            none                            none                            none                            none                            none                            none                            none                            none                            none                            none                            none                            none                            none                            none                            none                            none                            none                            none                            none                            none                            none                            none                            none                            n
 one                            ,
 DEBUG_PHASE_SPEED       = F,
 DEBUG_THIS_MODULE       = F,
 OBC_DAMP_NEWTON = 4*F,
 DAMP_FACTOR     = 4*1.00000000000000        
 /

================================================================================
$ID$
$Name: tikal $

CVS $Id


================================================================================
$Id: ocean_types.F90,v 20.0 2013/12/14 00:12:37 fms Exp $
$Name: tikal $

CVS $Id

 &OCEAN_TRACER_UTIL_NML
 REBIN_ONTO_RHO_ALL_VALUES       = T,
 DEBUG_DIAGNOSE_MASS_OF_LAYER    = F,
 EPSLN_DIAGNOSE_MASS_OF_LAYER    =  1.000000000000000E-005
 /

================================================================================
$Id: ocean_coriolis.F90,v 20.0 2013/12/14 00:10:38 fms Exp $
$Name: tikal $
 &OCEAN_CORIOLIS_NML
 DEBUG_THIS_MODULE       = F,
 USE_THIS_MODULE = T,
 ACOR    =  0.500000000000000     
 /

================================================================================
$Id: ocean_velocity.F90,v 20.0 2013/12/14 00:12:41 fms Exp $
$Name: tikal $
 &OCEAN_VELOCITY_NML
 DEBUG_THIS_MODULE       = F,
 WRITE_A_RESTART = T,
 MAX_CGINT       =   2.00000000000000     ,
 ZERO_TENDENCY   = F,
 ZERO_TENDENCY_EXPLICIT_A        = F,
 ZERO_TENDENCY_EXPLICIT_B        = F,
 ZERO_TENDENCY_IMPLICIT  = F,
 TRUNCATE_VELOCITY       = F,
 TRUNCATE_VERBOSE        = T,
 TRUNCATE_VELOCITY_LAT   =  0.000000000000000E+000,
 TRUNCATE_VELOCITY_VALUE =   2.00000000000000     ,
 ADAMS_BASHFORTH_THIRD   = T,
 ADAMS_BASHFORTH_EPSILON =  0.600000000000000     ,
 USE_CONSTANT_VELOCITY   = F,
 CONSTANT_U      =  0.000000000000000E+000,
 CONSTANT_V      =  0.000000000000000E+000,
 UPDATE_VELOCITY_VIA_UPRIME      = T
 /

================================================================================
$Id: ocean_barotropic.F90,v 20.0 2013/12/14 00:10:34 fms Exp $
$Name: tikal $
 &OCEAN_BAROTROPIC_NML
 WRITE_A_RESTART = T,
 ZERO_TENDENCY   = F,
 ZERO_ETA_IC     = F,
 ZERO_ETA_T      = F,
 ZERO_ETA_U      = F,
 ZERO_CORIOLIS_BT        = F,
 ZERO_NONLINEAR_FORCING_BT       = F,
 ZERO_FORCING_BT = F,
 ZERO_ETA_TENDENCY       = F,
 BAROTROPIC_TIME_STEPPING_A      = T,
 BAROTROPIC_TIME_STEPPING_B      = F,
 TIDAL_FORCING_M2        = F,
 TIDAL_FORCING_8 = F,
 TIDAL_FORCING_IDEAL     = F,
 GEOID_FORCING   = F,
 ALPHAT  =  0.948000000000000     ,
 PRED_CORR_GAMMA =  0.200000000000000     ,
 SMOOTH_ETA_T_BT_LAPLACIAN       = F,
 SMOOTH_ETA_T_BT_BIHARMONIC      = F,
 SMOOTH_ETA_T_LAPLACIAN  = F,
 SMOOTH_ETA_T_BIHARMONIC = T,
 SMOOTH_ANOMPB_BT_LAPLACIAN      = F,
 SMOOTH_ANOMPB_BT_BIHARMONIC     = F,
 SMOOTH_PBOT_T_LAPLACIAN = F,
 SMOOTH_PBOT_T_BIHARMONIC        = T,
 SMOOTH_PBOT_T_BIHARMONIC_LEGACY = F,
 SMOOTH_ETA_DIAG_LAPLACIAN       = T,
 SMOOTH_ETA_DIAG_BIHARMONIC      = F,
 VEL_MICOM_LAP   =  5.000000000000000E-002,
 VEL_MICOM_LAP_DIAG      =   1.00000000000000     ,
 VEL_MICOM_BIH   =  1.000000000000000E-002,
 VEL_MICOM_BIH_DIAG      =  0.100000000000000     ,
 TRUNCATE_ETA    = F,
 VERBOSE_TRUNCATE        = T,
 ETA_MAX =   8.00000000000000     ,
 FRAC_CRIT_CELL_HEIGHT   =  0.200000000000000     ,
 VERBOSE_INIT    = T,
 DEBUG_THIS_MODULE       = F,
 DIAG_STEP       =          60,
 ETA_OFFSET      =  1.000000000000000E-012,
 PBOT_OFFSET     =  1.000000000000000E-012,
 INITSUM_WITH_BAR_MOM4P0 = F,
 INITSUM_WITH_BAR_MOM4P1 = T,
 IDEAL_INITIAL_ETA       = F,
 IDEAL_INITIAL_ETA_AMPLITUDE     =   5.00000000000000     ,
 IDEAL_INITIAL_ETA_XWIDTH        =   100000.000000000     ,
 IDEAL_INITIAL_ETA_YWIDTH        =   100000.000000000     ,
 UDRHO_BT_LAP    = F,
 UDRHO_BT_BIH    = F,
 UDRHO_LAP       = F,
 UDRHO_BIH       = F,
 UDRHO_LAP_VEL_MICOM     =  5.000000000000000E-002,
 UDRHO_BIH_VEL_MICOM     =  1.000000000000000E-002,
 BAROTROPIC_HALO =           1,
 DO_BITWISE_EXACT_SUM    = F,
 USE_LEGACY_BAROTROPIC_HALOS     = T
 /

horz diff flux domain decomposition:    16 X   12
   pe,   is,  ie,  js,  je,    isd, ied, jsd, jed

================================================================================
$Id: ocean_thickness.F90,v 20.0 2013/12/14 00:12:33 fms Exp $
$Name: tikal $
 &OCEAN_THICKNESS_NML
 DEBUG_THIS_MODULE       = F,
 DEBUG_THIS_MODULE_DETAIL        = F,
 WRITE_A_RESTART = T,
 FULL_STEP_TOPOGRAPHY    = F,
 INITIALIZE_ZERO_ETA     = F,
 ENFORCE_POSITIVE_DZT    = F,
 DEPTH_MIN_FOR_SIGMA     =  1.000000000000000E-002,
 THICKNESS_METHOD        = energetic                       ,
 READ_RHO0_PROFILE       = F,
 THICKNESS_DZT_MIN       =   1.00000000000000     ,
 THICKNESS_DZT_MIN_INIT  =   2.00000000000000     ,
 RESCALE_MASS_TO_GET_HT_MOD      = F,
 PBOT0_SIMPLE    = F,
 EPSILON_INIT_THICKNESS  =  1.000000000000000E-005,
 READ_RESCALE_RHO0_MASK  = F,
 RESCALE_RHO0_MASK_GFDL  = T,
 RESCALE_RHO0_BASIN_LABEL        =   7.00000000000000     ,
 RESCALE_RHO0_VALUE      =  0.750000000000000     ,
 LINEAR_FREE_SURFACE     = F,
 MAX_NUM_BAD_PRINT       =          25,
 UPDATE_DZWU_K0  = T
 /
 &OCEAN_OPERATORS_NML
 USE_LEGACY_DIV_UD       = F
 /

horz diff flux domain decomposition:    16 X   12
   pe,   is,  ie,  js,  je,    isd, ied, jsd, jed

$Id: ocean_operators.F90,v 20.0 2013/12/14 00:10:53 fms Exp $


CVS $Id: ocean_tracer.F90,v 20.0 2013/12/14 00:17:20 fms Exp $

 &OCEAN_TRACER_NML
 DEBUG_THIS_MODULE       = F,
 ZERO_TENDENCY   = F,
 ZERO_TRACER_SOURCE      = F,
 WRITE_A_RESTART = T,
 OCEAN_TPM_DEBUG = F,
 TMASK_LIMIT_TS_SAME     = T,
 REMAP_DEPTH_TO_S_INIT   = F,
 INFLOW_NBOUNDARY        = F,
 INTERPOLATE_TPROG_TO_PBOTT      = T,
 INTERPOLATE_TDIAG_TO_PBOTT      = F,
 LIMIT_AGE_TRACER        = T,
 AGE_TRACER_MAX_INIT     =  0.000000000000000E+000,
 FRAZIL_HEATING_BEFORE_VPHYSICS  = F,
 FRAZIL_HEATING_AFTER_VPHYSICS   = T,
 COMPUTE_TMASK_LIMIT_ON  = T,
 USE_TEMPSALT_CHECK_RANGE        = F
 /

================================================================================
$Id: ocean_tempsalt.F90,v 20.0 2013/12/14 00:17:14 fms Exp $
$Name: tikal $
 &OCEAN_TEMPSALT_NML
 DEBUG_THIS_MODULE       = F,
 TEMPERATURE_VARIABLE    = potential_temp                  ,
 POTTEMP_2ND_ITERATION   = T,
 POTTEMP_EQUAL_CONTEMP   = F,
 T_MIN   =  -5.00000000000000     ,
 T_MAX   =   55.0000000000000     ,
 S_MIN   =  -1.00000000000000     ,
 S_MAX   =   55.0000000000000     ,
 T_MIN_LIMIT     =  -2.00000000000000     ,
 T_MAX_LIMIT     =   32.0000000000000     ,
 S_MIN_LIMIT     =  0.000000000000000E+000,
 S_MAX_LIMIT     =   42.0000000000000     ,
 REINIT_TS_WITH_IDEAL    = F,
 REINIT_TS_WITH_IDEAL_EFOLD      =   1000.00000000000     ,
 REINIT_TS_WITH_IDEAL_TVALUE     =   10.0000000000000     ,
 REINIT_TS_WITH_IDEAL_SVALUE     =   30.0000000000000     ,
 TEOS10  = F,
 DO_FAFMIP_HEAT  = F
 /

CVS $$

 &OCEAN_FRAZIL_NML
 USE_THIS_MODULE = T,
 DEBUG_THIS_MODULE       = F,
 FREEZING_TEMP_SIMPLE    = T,
 FREEZING_TEMP_PRETEOS10 = F,
 FREEZING_TEMP_TEOS10    = F,
 FRAZIL_FACTOR   =   1.00000000000000     ,
 AIR_SATURATED_WATER     = T,
 FRAZIL_ONLY_IN_SURFACE  = T
 /
 &GENERIC_TRACER_NML
 DO_GENERIC_TRACER       = T,
 DO_GENERIC_ABIOTIC      = F,
 DO_GENERIC_AGE  = F,
 DO_GENERIC_ARGON        = F,
 DO_GENERIC_CFC  = T,
 DO_GENERIC_SF6  = T,
 DO_GENERIC_TOPAZ        = F,
 DO_GENERIC_ERGOM        = F,
 DO_GENERIC_BLING        = F,
 DO_GENERIC_MINIBLING    = F,
 DO_GENERIC_COBALT       = F,
 DO_GENERIC_WOMBATLITE   = F,
 DO_GENERIC_WOMBATMID    = F,
 FORCE_UPDATE_FLUXES     = F,
 DO_GENERIC_BLRES        = F,
 AS_PARAM        = gfdl_cmip6
 /
 &MOCSY_NML
 BORON_FORMULATION       = l10,
 DISSOCIATION_CONSTANTS  = m10,
 HF_EQUILIBRIUM_CONSTANT = dg,
 EPSLN   =  1.000000000000000E-010,
 PRINT_OOR_WARNINGS      = F,
 MAXIMUM_SALINITY        =   200.000000000000     ,
 MAX_SPECIES_VALUE       =   4.00000000000000     ,
 MINIMUM_TEMPERATURE     =  -2.00000000000000     ,
 SAL_FLOOR_BASED_ON_ALK  = T,
 APPLY_EPSLN_FLOOR       = T,
 APPLY_SPECIES_CEILING   = T,
 APPLY_SALINITY_CEILING  = T,
 APPLY_TEMPERATURE_FLOOR = T
 /

================================================================================
git:/mom_mac/src/mom5csiro_bgc.F90
mac, sep16.

================================================================================
$Id: ocean_advection_velocity.F90,v 20.0.4.1 2014/01/22 17:19:10 smg Exp $
$Name: mom5_tikal_22jan2014_smg $
 &OCEAN_ADVECTION_VELOCITY_NML
 DEBUG_THIS_MODULE       = F,
 MAX_ADVECTION_VELOCITY  =  0.500000000000000     ,
 INFLOW_NBOUNDARY        = F,
 READ_ADVECTION_VELOCITY = F,
 READ_ADVECTION_TRANSPORT        = F,
 CONSTANT_ADVECTION_VELOCITY     = F
 /

================================================================================
$Id: ocean_density.F90,v 20.0 2013/12/14 00:10:40 fms Exp $
$Name: tikal $
 &OCEAN_DENSITY_NML
 S_TEST  =   20.0000000000000     ,
 T_TEST  =   20.0000000000000     ,
 P_TEST  =   1000.00000000000     ,
 PRESS_STANDARD  =  0.000000000000000E+000,
 SN_TEST =   35.0000000000000     ,
 TN_TEST =   20.0000000000000     ,
 EOS_LINEAR      = F,
 ALPHA_LINEAR_EOS        =  0.255000000000000     ,
 BETA_LINEAR_EOS =  0.000000000000000E+000,
 EOS_PRETEOS10   = T,
 EOS_TEOS10      = F,
 POTRHO_PRESS    =   2000.00000000000     ,
 POTRHO_MIN      =   1028.00000000000     ,
 POTRHO_MAX      =   1038.00000000000     ,
 NEUTRALRHO_MIN  =   1020.00000000000     ,
 NEUTRALRHO_MAX  =   1030.00000000000     ,
 LAYER_NK        =          80,
 THETA_MIN       =  -2.00000000000000     ,
 THETA_MAX       =   30.0000000000000     ,
 DEBUG_THIS_MODULE       = F,
 WRITE_A_RESTART = T,
 RHO0_DENSITY    = F,
 DENSITY_EQUAL_POTRHO    = F,
 BUOYFREQ_SMOOTH_VERT    = T,
 NUM_121_PASSES  =           1,
 EPSLN_DRHODZ    =  1.000000000000000E-010,
 MASK_DOMAIN_RESTART     = F,
 DO_BITWISE_EXACT_SUM    = F,
 DRHODZ_DIAG_STABLE      = T,
 EPSLN_DRHODZ_DIAG       =  1.000000000000000E-010,
 GRAD_NRHO_LRPOTRHO_COMPUTE      = F,
 GRAD_NRHO_LRPOTRHO_MAX  =   10.0000000000000     ,
 GRAD_NRHO_LRPOTRHO_MIN  =   1.00000000000000     ,
 NEUTRAL_DENSITY_OMEGA   = F,
 NEUTRAL_DENSITY_POTRHO  = T,
 NEUTRAL_DENSITY_THETA   = F,
 SMOOTH_STRATIFICATION_FACTOR    = F,
 UPDATE_DIAGNOSTIC_FACTORS       = F,
 SMAX_DIAG       =  -1.00000000000000     ,
 SMAX_MIN_IN_COLUMN      = F
 /
 &OCEAN_BLOB_NML
 BLOB_SMALL_MASS =   1000.00000000000     ,
 DEBUG_THIS_MODULE       = F,
 REALLY_DEBUG    = F,
 DO_BITWISE_EXACT_SUM    = F,
 BITWISE_REPRODUCTION    = F,
 MAX_PROP_THICKNESS      =  0.700000000000000     
 /

================================================================================
$Id: ocean_pressure.F90,v 20.0 2013/12/14 00:10:57 fms Exp $
$Name: tikal $
 &OCEAN_PRESSURE_NML
 DEBUG_THIS_MODULE       = F,
 ZERO_PRESSURE_FORCE     = F,
 ZERO_CORRECTION_TERM_GRAD       = F,
 ZERO_DIAGONAL_PRESS_GRAD        = F,
 ZERO_ETA_OVER_H_ZSTAR_PRESSURE  = F
 /

================================================================================
$Id: ocean_vert_mix.F90,v 20.0 2013/12/14 00:16:48 fms Exp $
$Name: tikal $
 &OCEAN_VERT_MIX_NML
 DEBUG_THIS_MODULE       = F,
 VERT_MIX_SCHEME = kpp_mom4p1,
 VERBOSE_INIT    = T,
 AIDIF   =   1.00000000000000     ,
 VERT_DIFF_BACK_VIA_MAX  = T,
 USE_EXPLICIT_VERT_DIFFUSE       = T,
 USE_DIFF_CBT_TABLE      = F,
 LINEAR_TAPER_DIFF_CBT_TABLE     = F,
 BRYAN_LEWIS_DIFFUSIVITY = T,
 BRYAN_LEWIS_LAT_DEPEND  = T,
 BRYAN_LEWIS_LAT_TRANSITION      =   35.0000000000000     ,
 AFKPH_90        =  0.725000000000000     ,
 DFKPH_90        =   1.15000000000000     ,
 SFKPH_90        =  4.500000000000000E-005,
 ZFKPH_90        =   250000000.000000     ,
 AFKPH_00        =  0.675000000000000     ,
 DFKPH_00        =   1.15000000000000     ,
 SFKPH_00        =  4.500000000000000E-005,
 ZFKPH_00        =   250000000.000000     ,
 VERT_VISC_BACK  = F,
 VISC_CBU_BACK_MAX       =  1.000000000000000E-002,
 VISC_CBU_BACK_MIN       =  1.000000000000000E-003,
 VISC_CBU_BACK_ZMID      =   50.0000000000000     ,
 VISC_CBU_BACK_ZWID      =   30.0000000000000     ,
 HWF_DIFFUSIVITY = F,
 HWF_DEPTH_TRANSITION    =   25000000.0000000     ,
 HWF_MIN_DIFFUSIVITY     =  2.000000000000000E-006,
 HWF_30_DIFFUSIVITY      =  2.000000000000000E-005,
 HWF_N0_2OMEGA   =   20.0000000000000     ,
 HWF_DIFFUSIVITY_3D      = F,
 DIFF_CBT_TANH   = F,
 DIFF_CBT_TANH_MAX       =  1.000000000000000E-003,
 DIFF_CBT_TANH_MIN       =  2.000000000000000E-005,
 DIFF_CBT_TANH_ZMID      =   150.000000000000     ,
 DIFF_CBT_TANH_ZWID      =   30.0000000000000     ,
 J09_DIFFUSIVITY = F,
 J09_BGMIN       =  1.000000000000000E-006,
 J09_BGMAX       =  1.000000000000000E-005,
 J09_LAT =   20.0000000000000     ,
 QUEBEC_2009_10_BUG      = F,
 VMIX_RESCALE_NONBOUSS   = F,
 VMIX_SET_MIN_DISSIPATION        = F,
 VMIX_MIN_DISS_CONST     =  1.000000000000000E-007,
 VMIX_MIN_DISS_BVFREQ_SCALE      =  5.999999999999999E-004,
 VMIX_MIN_DISS_FLUX_RI_MAX       =  0.200000000000000     ,
 SMOOTH_RHO_N2   = T,
 NUM_121_PASSES  =           1,
 READ_DIFF_CBT_FILE      = F
 /

CVS $Id

 &OCEAN_VERT_UTIL_NML
 DEBUG_THIS_MODULE       = F,
 SMOOTH_N2       = T,
 SMOOTH_RI_NUMBER        = T,
 NUM_N2_SMOOTH   =           1,
 NUM_RI_SMOOTH   =           1
 /

================================================================================
$$
$Name: tikal $
 &OCEAN_VERT_TIDAL_NML
 USE_THIS_MODULE = T,
 USE_LEGACY_METHODS      = F,
 DEBUG_THIS_MODULE       = F,
 USE_WAVE_DISSIPATION    = T,
 USE_DRAG_DISSIPATION    = T,
 READ_ROUGHNESS  = T,
 READ_TIDE_SPEED = T,
 DEFAULT_ROUGHNESS_LENGTH        =   25.0000000000000     ,
 DEFAULT_TIDE_SPEED      =  1.000000000000000E-002,
 SHELF_DEPTH_CUTOFF      =   160.000000000000     ,
 DECAY_SCALE     =   300.000000000000     ,
 ROUGHNESS_SCALE =   20000.0000000000     ,
 TIDAL_DISS_EFFICIENCY   =  0.333330000000000     ,
 MIXING_EFFICIENCY       =  0.200000000000000     ,
 MIXING_EFFICIENCY_N2DEPEND      = T,
 MUNK_ANDERSON_P =  0.250000000000000     ,
 MUNK_ANDERSON_SIGMA     =   3.00000000000000     ,
 DRAG_DISSIPATION_EFOLD  = T,
 DRAG_DISSIPATION_TIDE_PERIOD    =   43200.0000000000     ,
 DRAG_MASK_DEEP  = T,
 DRAG_MASK_DEEP_RATIO    =  0.100000000000000     ,
 BOTTOM_DRAG_CD  =  2.400000000000000E-003,
 DRHODZ_MIN      =  1.000000000000000E-012,
 SPEED_MIN       =  5.000000000000000E-003,
 BACKGROUND_DIFFUSIVITY  =  1.000000000000000E-005,
 BACKGROUND_VISCOSITY    =  1.000000000000000E-004,
 MAX_WAVE_DIFFUSIVITY    =  1.000000000000000E-002,
 MAX_DRAG_DIFFUSIVITY    =  5.000000000000000E-003,
 SMOOTH_BVFREQ_BOTTOM    = T,
 VEL_MICOM_SMOOTH        =  0.200000000000000     ,
 SMOOTH_RHO_N2   = T,
 NUM_121_PASSES  =           1,
 WAVE_DIFFUSIVITY_MONOTONIC      = T,
 TIDE_SPEED_DATA_ON_T_GRID       = T,
 READING_ROUGHNESS_AMP   = T,
 READING_ROUGHNESS_LENGTH        = F,
 READ_WAVE_DISSIPATION   = F,
 FIXED_WAVE_DISSIPATION  = F,
 WAVE_ENERGY_FLUX_MAX    =  0.100000000000000     ,
 USE_LEEWAVE_DISSIPATION = F,
 READ_LEEWAVE_DISSIPATION        = F,
 DRAG_DISSIPATION_USE_CDBOT      = F
 /

================================================================================
$Id: ocean_vert_kpp_mom4p1.F90,v 20.0 2013/12/14 00:16:44 fms Exp $
$Name: tikal $
 &OCEAN_VERT_KPP_MOM4P1_NML
 USE_THIS_MODULE = T,
 SHEAR_INSTABILITY       = T,
 DOUBLE_DIFFUSION        = T,
 DIFF_CBT_IW     =  0.000000000000000E+000,
 VISC_CBU_IW     =  0.000000000000000E+000,
 VISC_CBU_LIMIT  =  5.000000000000000E-003,
 DIFF_CBT_LIMIT  =  5.000000000000000E-003,
 VISC_CON_LIMIT  =  0.100000000000000     ,
 DIFF_CON_LIMIT  =  0.100000000000000     ,
 CONCV   =   1.80000000000000     ,
 RICR    =  0.300000000000000     ,
 NON_LOCAL_KPP   = T,
 SMOOTH_BLMC     = T,
 LGAM    =   1.04000000000000     ,
 CW_0    =  0.150000000000000     ,
 L_SMYTH =   2.00000000000000     ,
 LTMAX   =   5.00000000000000     ,
 WSTFAC  =  0.600000000000000     ,
 KL_MIN  =           2,
 KBL_STANDARD_METHOD     = T,
 DEBUG_THIS_MODULE       = F,
 LIMIT_WITH_HEKMAN       = T,
 LIMIT_GHATS     = F,
 HBL_WITH_RIT    = F,
 RADIATION_LARGE = F,
 RADIATION_ZERO  = F,
 RADIATION_IOW   = F,
 USE_SBL_BOTTOM_FLUX     = F,
 WSFC_COMBINE_RUNOFF_CALVE       = T,
 BVF_FROM_BELOW  = F,
 VARIABLE_VTC    = F,
 USE_MAX_SHEAR   = F,
 LINEAR_HBL      = T,
 CALC_VISC_ON_CGRID      = F,
 SMOOTH_RI_KMAX_EQ_KMU   = F,
 DO_LANGMUIR     = F,
 DO_LANGMUIR_CVMIX       = F,
 CALCULATE_U10   = F
 /

================================================================================
=>Using: /bih/ocean_bih_tracer.F90 ($Id: ocean_bih_tracer.F90,v 20.0 2013/12/14 00:14:10 fms Exp $)
$Name: tikal $
 &OCEAN_BIH_TRACER_NML
 USE_THIS_MODULE = F,
 ABIH    =  0.000000000000000E+000,
 TRACER_MIX_MICOM        = F,
 VEL_MICOM       =  0.000000000000000E+000,
 READ_DIFFUSIVITY_MASK   = F,
 HORZ_Z_DIFFUSE  = F,
 HORZ_S_DIFFUSE  = T
 /

================================================================================
$Id: ocean_lap_tracer.F90,v 20.0 2013/12/14 00:14:20 fms Exp $
$Name: tikal $
 &OCEAN_LAP_TRACER_NML
 USE_THIS_MODULE = F,
 ALAP    =  0.000000000000000E+000,
 TRACER_MIX_MICOM        = F,
 VEL_MICOM       =  0.000000000000000E+000,
 VERBOSE_INIT    = T,
 READ_DIFFUSIVITY_MASK   = F,
 HORZ_Z_DIFFUSE  = F,
 HORZ_S_DIFFUSE  = T
 /

================================================================================
$Id: ocean_sigma_transport.F90,v 20.0 2013/12/14 00:14:30 fms Exp $
$Name: tikal $
 &OCEAN_SIGMA_TRANSPORT_NML
 USE_THIS_MODULE = T,
 DEBUG_THIS_MODULE       = F,
 TMASK_SIGMA_ON  = F,
 SIGMA_DIFFUSION_ON      = T,
 SIGMA_ADVECTION_ON      = F,
 SIGMA_ADVECTION_SGS_ONLY        = F,
 SIGMA_ADVECTION_CHECK   = T,
 THICKNESS_SIGMA_LAYER   =   100.000000000000     ,
 THICKNESS_SIGMA_MAX     =   100.000000000000     ,
 THICKNESS_SIGMA_MIN     =   100.000000000000     ,
 SIGMA_DIFFUSIVITY       =   1000.00000000000     ,
 SIGMA_DIFFUSIVITY_RATIO =  1.000000000000000E-006,
 TRACER_MIX_MICOM        = T,
 VEL_MICOM       =  0.500000000000000     ,
 VERBOSE_INIT    = T,
 SIGMA_JUST_IN_BOTTOM_CELL       = T,
 CAMPINGOOSE_MU  =  1.000000000000000E-004,
 CAMPINGOOSE_DELTA       =  0.333300000000000     ,
 SIGMA_UMAX      =  1.000000000000000E-002,
 WRITE_A_RESTART = T,
 SMOOTH_SIGMA_THICKNESS  = T,
 SMOOTH_SIGMA_VELOCITY   = T,
 SMOOTH_VELMICOM =  0.200000000000000     
 /

flux dom sigma domain decomposition:    16 X   12
   pe,   is,  ie,  js,  je,    isd, ied, jsd, jed

================================================================================
$Id: ocean_nphysics.F90,v 20.0 2013/12/14 00:14:34 fms Exp $
$Name: tikal $
 &OCEAN_NPHYSICS_NML
 USE_THIS_MODULE = T,
 DEBUG_THIS_MODULE       = F,
 WRITE_A_RESTART = T,
 USE_NPHYSICSA   = F,
 USE_NPHYSICSB   = F,
 USE_NPHYSICSC   = T
 /

================================================================================
$Id: ocean_nphysics_util.F90,v 20.0 2013/12/14 00:14:52 fms Exp $
$Name: tikal $
 &OCEAN_NPHYSICS_UTIL_NML
 DEBUG_THIS_MODULE       = F,
 NPHYSICS_UTIL_ZERO_INIT = T,
 SMAX    =  1.000000000000000E-002,
 SWIDTH  =  5.000000000000000E-004,
 EPSLN_DRHODZ    =  1.000000000000000E-030,
 DRHODZ_MOM4P1   = T,
 DRHODZ_SMOOTH_HORZ      = F,
 DRHODZ_SMOOTH_VERT      = F,
 NUM_121_PASSES  =           1,
 AREDI   =   600.000000000000     ,
 AGM     =   600.000000000000     ,
 AREDI_EQUAL_AGM = F,
 TRACER_MIX_MICOM        = F,
 VEL_MICOM       =  0.000000000000000E+000,
 BRYAN_LEWIS_AREDI       = F,
 AHS     =  0.000000000000000E+000,
 AHB     =  0.000000000000000E+000,
 NEUTRAL_HORZ_MIX_BDY    = F,
 VEL_MICOM_BDY   =  0.000000000000000E+000,
 AH_BDY  =  0.000000000000000E+000,
 AGM_LAT_BANDS   = F,
 AGM_LAT_BANDS_BOUNDARY  =  -999.000000000000     ,
 AGM_LAT_BANDS_RATIO     =   1.00000000000000     ,
 ROSSBY_RADIUS_MAX       =   100000.000000000     ,
 ROSSBY_RADIUS_MIN       =   15000.0000000000     ,
 AGM_READ_RESTART        = F,
 AGM_CLOSURE     = T,
 AGM_CLOSURE_SCALING     =  7.000000000000001E-002,
 AGM_CLOSURE_MAX =   600.000000000000     ,
 AGM_CLOSURE_MIN =   50.0000000000000     ,
 AGM_CLOSURE_GROWTH_SCALE        =  0.500000000000000     ,
 AGM_CLOSURE_LENGTH_FIXED        = F,
 AGM_CLOSURE_LENGTH      =   50000.0000000000     ,
 AGM_CLOSURE_LENGTH_ROSSBY       = F,
 AGM_CLOSURE_LENGTH_BCZONE       = F,
 BCZONE_MAX_PTS  =          10,
 AGM_CLOSURE_BCZONE_CRIT_RATE    =  1.400000000000000E-006,
 AGM_CLOSURE_EDEN_GREATBATCH     = F,
 AGM_CLOSURE_EDEN_GAMMA  =  0.000000000000000E+000,
 AGM_CLOSURE_EDEN_LENGTH_CONST   = F,
 AGM_CLOSURE_EDEN_LENGTH =   10000.0000000000     ,
 AGM_CLOSURE_EADY_SMOOTH_VERT    = T,
 AGM_CLOSURE_EADY_SMOOTH_HORZ    = T,
 AGM_CLOSURE_EADY_AVE_MIXED      = T,
 AGM_CLOSURE_EADY_CAP    = T,
 AGM_CLOSURE_BAROCLINIC  = T,
 AGM_CLOSURE_BUOY_FREQ   =  4.000000000000000E-003,
 AGM_CLOSURE_UPPER_DEPTH =   100.000000000000     ,
 AGM_CLOSURE_LOWER_DEPTH =   2000.00000000000     ,
 AGM_CLOSURE_LENGTH_CAP  = F,
 AGM_CLOSURE_LENGTH_MAX  =   50000.0000000000     ,
 AGM_SMOOTH_SPACE        = F,
 VEL_MICOM_SMOOTH        =  0.200000000000000     ,
 AGM_SMOOTH_TIME = F,
 AGM_DAMPING_TIME        =   45.0000000000000     ,
 AGM_CLOSURE_GRID_SCALING        = T,
 AGM_CLOSURE_GRID_SCALING_POWER  =   2.00000000000000     ,
 AREDI_DIFFUSIVITY_GRID_SCALING  = F,
 AGM_CLOSURE_N2_SCALE    = F,
 AGM_CLOSURE_N2_SCALE_COEFF      =   1000.00000000000     ,
 AGM_CLOSURE_N2_SCALE_NREF_CST   = F,
 SMAX_GRAD_GAMMA_SCALAR  =  1.000000000000000E-002,
 EPSLN_DRHODZ_DIAGNOSTICS        =  1.000000000000000E-007,
 WDIANEUTRAL_SMOOTH      = T,
 SMOOTH_ETA_TEND_GM90    = F
 /

bczone domain decomposition:    16 X   12
   pe,   is,  ie,  js,  je,    isd, ied, jsd, jed

================================================================================
$Id: ocean_nphysicsC.F90,v 20.0 2013/12/14 00:14:40 fms Exp $
$Name: tikal $
 &OCEAN_NPHYSICSC_NML
 USE_THIS_MODULE = T,
 DEBUG_THIS_MODULE       = F,
 DO_NEUTRAL_DIFFUSION    = T,
 DO_GM_SKEWSION  = T,
 NEUTRAL_PHYSICS_LIMIT   = T,
 NEUTRAL_EDDY_DEPTH      = T,
 DM_TAPER        = T,
 GKW_TAPER       = F,
 TMASK_NEUTRAL_ON        = T,
 DIFFUSION_ALL_EXPLICIT  = F,
 TURB_BLAYER_MIN =   50.0000000000000     ,
 GM_SKEWSION_MODES       = F,
 NUMBER_BC_MODES =           2,
 GM_SKEWSION_BVPROBLEM   = T,
 BVP_BC_MODE     =           2,
 BVP_MIN_SPEED   =  0.100000000000000     ,
 BVP_SPEED       =  0.000000000000000E+000,
 BVP_CONSTANT_SPEED      = F,
 BV_FREQ_SMOOTH_VERT     = T,
 NUM_121_PASSES  =           1,
 MIN_BC_SPEED    =  1.000000000000000E-006,
 SMOOTH_PSI      = T,
 EPSLN_BV_FREQ   =  1.000000000000000E-012,
 REGULARIZE_PSI  = F,
 SMAX_PSI        =  1.000000000000000E-002,
 SMOOTH_BC_MODES = F,
 USE_NEUTRAL_SLOPES_POTRHO       = F,
 NEUTRAL_SLOPES_POTRHO_PRESS     =   2000.00000000000     ,
 SMOOTH_ADVECT_TRANSPORT = T,
 SMOOTH_ADVECT_TRANSPORT_NUM     =           2
 /

flux dom neutral domain decomposition:    16 X   12
   pe,   is,  ie,  js,  je,    isd, ied, jsd, jed

================================================================================
$Id: ocean_nphysics_new.F90,v 20.0 2013/12/14 00:14:46 fms Exp $
$Name: tikal $
 &OCEAN_NPHYSICS_NEW_NML
 USE_THIS_MODULE = F,
 DRHODZ_SMOOTH_VERT      = F,
 DRHODZ_SMOOTH_HORZ      = F,
 SMAX    =  1.000000000000000E-002,
 VEL_MICOM_SMOOTH        =  0.200000000000000     
 /
 &OCEAN_NPHYSICS_UTIL_NEW_NML
 NUM_121_PASSES  =           1
 /

================================================================================
$$
$Name: tikal $
 &OCEAN_SUBMESOSCALE_NML
 USE_THIS_MODULE = T,
 DEBUG_THIS_MODULE       = F,
 DIAG_STEP       =        1200,
 USE_HBLT_CONSTANT       = F,
 USE_HBLT_EQUAL_MLD      = T,
 SMOOTH_HBLT     = F,
 SMOOTH_HBLT_NUM =           2,
 CONSTANT_HBLT   =   100.000000000000     ,
 COEFFICIENT_CE  =  7.000000000000001E-002,
 TIME_CONSTANT   =   86400.0000000000     ,
 FRONT_LENGTH_CONST      =   5000.00000000000     ,
 MIN_KBLT        =           4,
 MINIMUM_HBLT    =  0.000000000000000E+000,
 SMOOTH_PSI      = T,
 SMOOTH_PSI_NUM  =           2,
 FRONT_LENGTH_DEFORM_RADIUS      = T,
 LIMIT_PSI       = T,
 USE_PSI_LEGACY  = F,
 LIMIT_PSI_VELOCITY_SCALE        =  0.100000000000000     ,
 SUBMESO_LIMIT_FLUX      = T,
 SMOOTH_ADVECT_TRANSPORT = T,
 SMOOTH_ADVECT_TRANSPORT_NUM     =           2,
 SUBMESO_SKEW_FLUX       = T,
 SUBMESO_ADVECT_FLUX     = F,
 SUBMESO_ADVECT_UPWIND   = T,
 SUBMESO_ADVECT_SWEBY    = F,
 SUBMESO_ADVECT_LIMIT    = F,
 SUBMESO_ADVECT_ZERO_BDY = F,
 SUBMESO_DIFFUSION       = F,
 SUBMESO_DIFFUSION_SCALE =   1.00000000000000     ,
 SUBMESO_DIFFUSION_BIHARMONIC    = F
 /

mdfl domain decomposition:    16 X   12
   pe,   is,  ie,  js,  je,    isd, ied, jsd, jed

flux dom submeso domain decomposition:    16 X   12
   pe,   is,  ie,  js,  je,    isd, ied, jsd, jed

================================================================================
=>Using: ocean_lap_friction.f90 ($Id: ocean_lap_friction.F90,v 20.0 2013/12/14 00:14:18 fms Exp $)
$Name: tikal $
 &OCEAN_LAP_FRICTION_NML
 LAP_FRICTION_SCHEME     = general   ,
 DEBUG_THIS_MODULE       = F,
 WRITE_A_RESTART = T
 /

================================================================================
=>Using: ocean_lapgen_friction.F90 ($Id: ocean_lapgen_friction.F90,v 20.0 2013/12/14 00:14:26 fms Exp $)
$Name: tikal $
 &OCEAN_LAPGEN_FRICTION_NML
 USE_THIS_MODULE = F,
 DEBUG_THIS_MODULE       = F,
 BOTTOM_5POINT   = T,
 K_SMAG_ISO      =   2.00000000000000     ,
 K_SMAG_ANISO    =  0.000000000000000E+000,
 VEL_MICOM_ISO   =  0.100000000000000     ,
 VEL_MICOM_ANISO =  0.000000000000000E+000,
 EQ_VEL_MICOM_ISO        =  0.000000000000000E+000,
 EQ_VEL_MICOM_ANISO      =  0.000000000000000E+000,
 EQ_LAT_MICOM    =  0.000000000000000E+000,
 EQUATORIAL_ZONAL        = T,
 EQUATORIAL_ZONAL_LAT    =   20.0000000000000     ,
 EQUATORIAL_NO_SMAG      = T,
 VISCOSITY_NCAR  = T,
 VISCOSITY_NCAR_2000     = T,
 VISCOSITY_NCAR_2007     = F,
 NCAR_ISOTROPIC_OFF_EQUATOR      = F,
 NCAR_ONLY_EQUATORIAL    = T,
 VCONST_1        =   8000000.00000000     ,
 VCONST_2        =  0.000000000000000E+000,
 VCONST_3        =  0.800000000000000     ,
 VCONST_4        =  5.000000000000000E-009,
 VCONST_5        =           3,
 VCONST_6        =   300000000.000000     ,
 VCONST_7        =   100.000000000000     ,
 VCONST_8        =   45.0000000000000     ,
 DEBUG_NCAR_A    = F,
 DEBUG_NCAR_B    = F,
 VISC_VEL_SCALE_LENGTH   =   150000.000000000     ,
 NEPTUNE = F,
 NEPTUNE_LENGTH_EQ       =   1200.00000000000     ,
 NEPTUNE_LENGTH_POLE     =   3000.00000000000     ,
 NEPTUNE_DEPTH_MIN       =   100.000000000000     ,
 NEPTUNE_SMOOTH  = T,
 NEPTUNE_SMOOTH_NUM      =           1,
 RESTRICT_POLAR_VISC     = T,
 RESTRICT_POLAR_VISC_LAT =   60.0000000000000     ,
 RESTRICT_POLAR_VISC_RATIO       =  0.350000000000000     ,
 NCAR_ISOTROPIC_AT_DEPTH = F,
 NCAR_ISOTROPIC_DEPTH    =   4000.00000000000     ,
 NCAR_ISOTROPIC_AT_DEPTH_VISC    =   10000.0000000000     ,
 DIVERGENCE_DAMP = F,
 DIVERGENCE_DAMP_VEL_MICOM       =  0.000000000000000E+000,
 VISCOSITY_SCALE_BY_ROSSBY       = F,
 VISCOSITY_SCALE_BY_ROSSBY_POWER =   2.00000000000000     ,
 ASYNC_DOMAIN_UPDATE     = F,
 BLOCKSIZE       =          10,
 USE_SIDE_DRAG_FRICTION  = F,
 SIDE_DRAG_FRICTION_SCALING      =   1.00000000000000     ,
 SIDE_DRAG_FRICTION_UVMAG_MAX    =   10.0000000000000     ,
 SIDE_DRAG_FRICTION_MAX  =   1.00000000000000     
 /

================================================================================
=>Using: ocean_bih_friction.f90 ($Id: ocean_bih_friction.F90,v 20.0 2013/12/14 00:14:08 fms Exp $)
$Name: tikal $
 &OCEAN_BIH_FRICTION_NML
 BIH_FRICTION_SCHEME     = general   ,
 DEBUG_THIS_MODULE       = F,
 WRITE_A_RESTART = T
 /

================================================================================
=>Using: ocean_bihgen_friction.F90 ($Id: ocean_bihgen_friction.F90,v 20.0 2013/12/14 00:14:16 fms Exp $)
$Name: tikal $
 &OCEAN_BIHGEN_FRICTION_NML
 USE_THIS_MODULE = T,
 DEBUG_THIS_MODULE       = F,
 K_SMAG_ISO      =   2.00000000000000     ,
 K_SMAG_ANISO    =  0.000000000000000E+000,
 VEL_MICOM_ISO   =  4.000000000000000E-002,
 VEL_MICOM_ANISO =  0.000000000000000E+000,
 EQ_VEL_MICOM_ISO        =  0.000000000000000E+000,
 EQ_VEL_MICOM_ANISO      =  0.000000000000000E+000,
 EQ_LAT_MICOM    =  0.000000000000000E+000,
 VEL_MICOM_BOTTOM        =  1.000000000000000E-002,
 BOTTOM_5POINT   = T,
 EQUATORIAL_ZONAL        = F,
 EQUATORIAL_ZONAL_LAT    =  0.000000000000000E+000,
 VISC_CRIT_SCALE =  0.250000000000000     ,
 READ_AISO_BIH_BACK      = F,
 NCAR_BOUNDARY_SCALING   = T,
 NCAR_RESCALE_POWER      =           2,
 NCAR_VCONST_4   =  2.000000000000000E-008,
 NCAR_VCONST_5   =           5,
 NCAR_BOUNDARY_SCALING_READ      = F,
 NEPTUNE = F,
 NEPTUNE_LENGTH_EQ       =   4200.00000000000     ,
 NEPTUNE_LENGTH_POLE     =   17000.0000000000     ,
 NEPTUNE_DEPTH_MIN       =   100.000000000000     ,
 NEPTUNE_SCALING =   1.00000000000000     ,
 NEPTUNE_SMOOTH  = T,
 NEPTUNE_SMOOTH_NUM      =           1,
 VISC_DIVERGE_SCALING    =  0.000000000000000E+000,
 USE_SIDE_DRAG_FRICTION  = F,
 SIDE_DRAG_FRICTION_SCALING      =   1.00000000000000     ,
 SIDE_DRAG_FRICTION_UVMAG_MAX    =   10.0000000000000     ,
 SIDE_DRAG_FRICTION_MAX  =   1.00000000000000     
 /

================================================================================
$Id: ocean_momentum_source.F90,v 20.0 2013/12/14 00:16:02 fms Exp $
$Name: tikal $
 &OCEAN_MOMENTUM_SOURCE_NML
 VERBOSE_INIT    = T,
 USE_THIS_MODULE = F,
 DEBUG_THIS_MODULE       = F,
 USE_RAYLEIGH_DAMP_TABLE = F,
 RAYLEIGH_DAMP_EXP_FROM_BOTTOM   = F,
 RAYLEIGH_DAMP_EXP_SCALE =   100.000000000000     ,
 RAYLEIGH_DAMP_EXP_TIME  =   864000.000000000     
 /

================================================================================
$Id: ocean_form_drag.F90,v 20.0 2013/12/14 00:16:34 fms Exp $
$Name: tikal $
 &OCEAN_FORM_DRAG_NML
 VERBOSE_INIT    = T,
 USE_THIS_MODULE = F,
 DEBUG_THIS_MODULE       = F,
 USE_FORM_DRAG_AIKI      = T,
 CPRIME_AIKI     =  0.600000000000000     ,
 FORM_DRAG_AIKI_BOTTOM_LAYER     = F,
 FORM_DRAG_AIKI_BOTTOM_KLEVELS   =           3,
 FORM_DRAG_AIKI_SCALE_BY_GRADH   = T,
 FORM_DRAG_AIKI_GRADH_MAX        =  2.500000000000000E-002,
 FORM_DRAG_AIKI_GRADH_POWER      =   2.00000000000000     ,
 FORM_DRAG_AIKI_SCALE_BY_GM      = F,
 USE_FORM_DRAG_GBATCH    = T,
 VISC_CBU_FORM_DRAG_MAX  =   1.00000000000000     ,
 VEL_FORM_DRAG_MAX       =   1.00000000000000     ,
 N_SQUARED_MIN   =  1.000000000000000E-010,
 AGM_FORM_DRAG   =   600.000000000000     ,
 FORM_DRAG_GBATCH_SURF_LAYER     = F,
 KSURF_BLAYER_MIN        =           3,
 FORM_DRAG_GBATCH_ALPHA_F2       = F,
 FORM_DRAG_GBATCH_ALPHA  =   300000000.000000     ,
 FORM_DRAG_GBATCH_F2OVERN2       = T,
 FORM_DRAG_GBATCH_F2OVERNB2      = F,
 FORM_DRAG_GBATCH_SMOOTH_N2      = F,
 NUM_121_PASSES  =           1,
 FORM_DRAG_GBATCH_F2OVERNO2      = F,
 FORM_DRAG_GBATCH_NO     =  5.000000000000000E-003
 /

CVS $Id: ocean_tracer_advect.F90,v 20.0 2013/12/14 00:17:22 fms Exp $


================================================================================
CVS $Id: ocean_tracer_advect.F90,v 20.0 2013/12/14 00:17:22 fms Exp $
Tag $Name: tikal $
 &OCEAN_TRACER_ADVECT_NML
 DEBUG_THIS_MODULE       = F,
 LIMIT_WITH_UPWIND       = F,
 ADVECT_SWEBY_ALL        = F,
 ZERO_TRACER_ADVECT_HORZ = F,
 ZERO_TRACER_ADVECT_VERT = F,
 WRITE_A_RESTART = T,
 PSOM_LIMIT_PRATHER      = F,
 READ_BASIN_MASK = F,
 ASYNC_DOMAIN_UPDATE     = F
 /

flux domain decomposition:    16 X   12
   pe,   is,  ie,  js,  je,    isd, ied, jsd, jed

fourth domain decomposition:    16 X   12
   pe,   is,  ie,  js,  je,    isd, ied, jsd, jed

sixth domain decomposition:    16 X   12
   pe,   is,  ie,  js,  je,    isd, ied, jsd, jed

quicker domain decomposition:    16 X   12
   pe,   is,  ie,  js,  je,    isd, ied, jsd, jed

mdfl domain decomposition:    16 X   12
   pe,   is,  ie,  js,  je,    isd, ied, jsd, jed

mdppm domain decomposition:    16 X   12
   pe,   is,  ie,  js,  je,    isd, ied, jsd, jed

mdmdt domain decomposition:    16 X   12
   pe,   is,  ie,  js,  je,    isd, ied, jsd, jed

================================================================================
$Id: ocean_velocity_advect.F90,v 20.0 2013/12/14 00:12:43 fms Exp $
$Name: tikal $
 &OCEAN_VELOCITY_ADVECT_NML
 DEBUG_THIS_MODULE       = F,
 ZERO_VELOCITY_ADVECT_HORZ       = F,
 ZERO_VELOCITY_ADVECT_VERT       = F,
 VELOCITY_ADVECT_CENTERED        = T,
 VELOCITY_ADVECT_UPWIND  = F
 /

================================================================================
$Id: ocean_convect.F90,v 20.0 2013/12/14 00:16:32 fms Exp $
$Name: tikal $
 &OCEAN_CONVECT_NML
 USE_THIS_MODULE = F,
 CONVECT_NCON    = F,
 NCON    =           7,
 CONVECT_FULL_SCALAR     = T,
 CONVECT_FULL_VECTOR     = F
 /

================================================================================
$Id: ocean_sbc.F90,v 20.0 2013/12/14 00:10:59 fms Exp $
$Name: tikal $
 &OCEAN_SBC_NML
 TEMP_RESTORE_TSCALE     =  -10.0000000000000     ,
 SALT_RESTORE_TSCALE     =   60.0000000000000     ,
 SALT_RESTORE_UNDER_ICE  = T,
 SALT_RESTORE_AS_SALT_FLUX       = F,
 ETA_RESTORE_TSCALE      =  -30.0000000000000     ,
 ZERO_NET_PME_ETA_RESTORE        = F,
 ROTATE_WINDS    = F,
 TAUX_SINX       = F,
 TAUY_SINY       = F,
 USE_WATERFLUX   = T,
 WATERFLUX_TAVG  = F,
 MAX_ICE_THICKNESS       =   8.00000000000000     ,
 RUNOFFSPREAD    = F,
 CALVINGSPREAD   = F,
 USE_WATERFLUX_OVERRIDE_CALVING  = F,
 USE_WATERFLUX_OVERRIDE_EVAP     = F,
 USE_WATERFLUX_OVERRIDE_FPREC    = F,
 SALINITY_REF    =   35.0000000000000     ,
 ZERO_NET_SALT_RESTORE   = T,
 ZERO_NET_WATER_RESTORE  = T,
 ZERO_NET_WATER_COUPLER  = T,
 ZERO_NET_WATER_COUPLE_RESTORE   = T,
 ZERO_NET_SALT_CORRECTION        = F,
 ZERO_NET_WATER_CORRECTION       = F,
 DEBUG_WATER_FLUXES      = F,
 ZERO_WATER_FLUXES       = F,
 ZERO_CALVING_FLUXES     = F,
 ZERO_PME_FLUXES = F,
 ZERO_RUNOFF_FLUXES      = F,
 ZERO_RIVER_FLUXES       = F,
 CONVERT_RIVER_TO_PME    = F,
 ZERO_HEAT_FLUXES        = F,
 ZERO_SURFACE_STRESS     = F,
 AVG_SFC_VELOCITY        = T,
 AVG_SFC_TEMP_SALT_ETA   = T,
 ICE_SALT_CONCENTRATION  =  5.000000000000000E-003,
 OCEAN_ICE_SALT_LIMIT    =  0.000000000000000E+000,
 RUNOFF_SALINITY =  0.000000000000000E+000,
 RUNOFF_TEMP_MIN =  0.000000000000000E+000,
 READ_RESTORE_MASK       = F,
 RESTORE_MASK_GFDL       = T,
 LAND_MODEL_HEAT_FLUXES  = F,
 USE_FULL_PATM_FOR_SEA_LEVEL     = F,
 MAX_DELTA_SALINITY_RESTORE      = -0.500000000000000     ,
 DO_FLUX_CORRECTION      = F,
 SALINITY_RESTORE_LIMIT_LOWER    =  0.000000000000000E+000,
 SALINITY_RESTORE_LIMIT_UPPER    =   100.000000000000     ,
 TEMP_CORRECTION_SCALE   =  0.000000000000000E+000,
 SALT_CORRECTION_SCALE   =  0.000000000000000E+000,
 TAU_X_CORRECTION_SCALE  =  0.000000000000000E+000,
 TAU_Y_CORRECTION_SCALE  =  0.000000000000000E+000,
 DO_BITWISE_EXACT_SUM    = T,
 SBC_HEAT_FLUXES_CONST   = F,
 SBC_HEAT_FLUXES_CONST_VALUE     =  0.000000000000000E+000,
 SBC_HEAT_FLUXES_CONST_SEASONAL  = F,
 USE_CONSTANT_SSS_FOR_RESTORE    = F,
 CONSTANT_SSS_FOR_RESTORE        =   35.0000000000000     ,
 USE_CONSTANT_SST_FOR_RESTORE    = F,
 CONSTANT_SST_FOR_RESTORE        =   12.0000000000000     ,
 USE_IDEAL_CALVING       = F,
 USE_IDEAL_RUNOFF        = F,
 CONSTANT_HLF    = T,
 CONSTANT_HLV    = T,
 READ_STOKES_DRIFT       = F,
 DO_LANGMUIR     = F,
 DO_USTAR_CORRECTION     = T,
 DO_FRAZIL_REDIST        = T
 /
 &OCEAN_SBC_OFAM_NML
 RESTORE_MASK_OFAM       = F,
 RIVER_TEMP_OFAM = F
 /

sbc domain decomposition:    16 X   12
   pe,   is,  ie,  js,  je,    isd, ied, jsd, jed

================================================================================
GET_CAL_TIME_MOD
unknown
 &GET_CAL_TIME_NML
 ALLOW_CALENDAR_CONVERSION       = T
 /

================================================================================
$Id: ocean_bbc.F90,v 20.0 2013/12/14 00:10:36 fms Exp $
$Name: tikal $
 &OCEAN_BBC_NML
 BMF_IMPLICIT    = F,
 CDBOT   =  2.000000000000000E-003,
 URESIDUAL       =  5.000000000000000E-002,
 CDBOT_LAW_OF_WALL       = F,
 LAW_OF_WALL_ROUGH_LENGTH        =  1.000000000000000E-002,
 CDBOT_ROUGHNESS_LENGTH  = F,
 USE_GEOTHERMAL_HEATING  = F,
 CONVERT_GEOTHERMAL      =  1.000000000000000E-003,
 CDBOT_HI        =  5.000000000000000E-003,
 CDBOT_LO        =  1.000000000000000E-003,
 CDBOT_GAMMA     =   40.0000000000000     ,
 UVMAG_MAX       =   10.0000000000000     ,
 BMF_MAX =   1.00000000000000     ,
 DEBUG_THIS_MODULE       = F,
 CDBOT_ROUGHNESS_UAMP    = F,
 CDBOT_HH        =   1100.00000000000     ,
 CDBOT_UU        =   1.00000000000000     ,
 CDBOT_WAVE      = F
 /
 &OCEAN_BBC_OFAM_NML
 READ_TIDE_SPEED = F,
 URESIDUAL2_MAX  =   1.00000000000000     
 /

================================================================================
$Id: ocean_shortwave.F90,v 20.0 2013/12/14 00:16:14 fms Exp $
$Name: tikal $
 &OCEAN_SHORTWAVE_NML
 USE_THIS_MODULE = T,
 USE_SHORTWAVE_GFDL      = T,
 USE_SHORTWAVE_CSIRO     = F,
 USE_SHORTWAVE_JERLOV    = F,
 USE_SHORTWAVE_EXT       = F
 /

================================================================================
$Id: ocean_shortwave_gfdl.F90,v 20.0 2013/12/14 00:16:18 fms Exp $
$Name: tikal $
 &OCEAN_SHORTWAVE_GFDL_NML
 USE_THIS_MODULE = T,
 READ_CHL        = T,
 CHL_DEFAULT     =  8.000000000000000E-002,
 ZMAX_PEN        =   1000.00000000000     ,
 SW_FRAC_TOP     =  0.000000000000000E+000,
 DEBUG_THIS_MODULE       = F,
 ENFORCE_SW_FRAC = T,
 OVERRIDE_F_VIS  = T,
 SW_MOREL_FIXED_DEPTHS   = F,
 OPTICS_FOR_UNIFORM_CHL  = F,
 OPTICS_MOREL_ANTOINE    = F,
 OPTICS_MANIZZA  = T
 /

================================================================================
$Id: ocean_sponges_tracer.F90,v 20.0 2013/12/14 00:16:24 fms Exp $
$Name: tikal $
 &OCEAN_SPONGES_TRACER_NML
 USE_THIS_MODULE = F,
 DAMP_COEFF_3D   = F
 /
 &OCEAN_SPONGES_TRACER_OFAM_NML
 USE_ADAPTIVE_RESTORE    = F,
 USE_SPONGE_AFTER_INIT   = F,
 USE_NORMALISING = F,
 USE_HARD_THUMP  = F,
 ATHRESH =  0.500000000000000     ,
 TAUMIN  =   720.000000000000     ,
 LAMBDA  =  8.300000000000000E-003,
 NPOWER  =   1.00000000000000     ,
 DAYS_TO_RESTORE =           1,
 SECS_TO_RESTORE =           0,
 DEFLATE = F,
 DEFLATE_FRACTION        =  0.600000000000000     ,
 LIMIT_TEMP      = F,
 LIMIT_TEMP_MIN  =  -1.80000000000000     ,
 LIMIT_TEMP_RESTORE      =   10800.0000000000     ,
 LIMIT_SALT      = F,
 LIMIT_SALT_MIN  =  1.000000000000000E-002,
 LIMIT_SALT_RESTORE      =   3600.00000000000     
 /

================================================================================
$Id: ocean_sponges_velocity.F90,v 20.0 2013/12/14 00:16:26 fms Exp $
$Name: tikal $
 &OCEAN_SPONGES_VELOCITY_NML
 USE_THIS_MODULE = F,
 DAMP_COEFF_3D   = F
 /
 &OCEAN_SPONGES_VELOCITY_OFAM_NML
 USE_ADAPTIVE_RESTORE    = F,
 USE_SPONGE_AFTER_INIT   = F,
 USE_NORMALISING = F,
 USE_HARD_THUMP  = F,
 ATHRESH =  0.500000000000000     ,
 TAUMIN  =   720.000000000000     ,
 LAMBDA  =  8.300000000000000E-003,
 NPOWER  =   1.00000000000000     ,
 DAYS_TO_RESTORE =           1,
 SECS_TO_RESTORE =           0
 /

================================================================================
$Id: ocean_sponges_eta.F90,v 20.0 2013/12/14 00:16:22 fms Exp $
$Name: tikal $
 &OCEAN_SPONGES_ETA_NML
 USE_THIS_MODULE = F
 /
 &OCEAN_SPONGES_ETA_OFAM_NML
 USE_ADAPTIVE_RESTORE    = F,
 USE_SPONGE_AFTER_INIT   = F,
 USE_NORMALISING = F,
 USE_HARD_THUMP  = F,
 ATHRESH =  0.500000000000000     ,
 TAUMIN  =   720.000000000000     ,
 LAMBDA  =  8.300000000000000E-003,
 NPOWER  =   1.00000000000000     ,
 DAYS_TO_RESTORE =           1,
 SECS_TO_RESTORE =           0
 /

================================================================================
$Id: ocean_xlandmix.F90,v 20.0 2013/12/14 00:16:30 fms Exp $
$Name: tikal $

================================================================================
$Id: ocean_xlandinsert.F90,v 20.0 2013/12/14 00:16:28 fms Exp $
$Name: tikal $

================================================================================
$Id: ocean_riverspread.F90,v 20.0 2013/12/14 00:16:12 fms Exp $)
$Name: tikal $
 &OCEAN_RIVERSPREAD_NML
 USE_THIS_MODULE = F,
 DEBUG_THIS_MODULE       = F,
 RIVERSPREAD_DIFFUSION   = F,
 RIVERSPREAD_DIFFUSION_PASSES    =           0,
 VEL_MICOM_SMOOTH        =  0.200000000000000     
 /

================================================================================
$Id: ocean_rivermix.F90,v 20.0 2013/12/14 00:16:10 fms Exp $
$Name: tikal $
 &OCEAN_RIVERMIX_NML
 USE_THIS_MODULE = T,
 DEBUG_THIS_MODULE       = F,
 DEBUG_ALL_IN_TOP_CELL   = F,
 DEBUG_THIS_MODULE_HEAT  = F,
 RIVER_DIFFUSE_TEMP      = F,
 RIVER_DIFFUSE_SALT      = F,
 RIVER_DIFFUSION_THICKNESS       =  0.000000000000000E+000,
 RIVER_DIFFUSIVITY       =  0.000000000000000E+000,
 DISCHARGE_COMBINE_RUNOFF_CALVE  = T,
 RIVER_INSERTION_THICKNESS       =   40.0000000000000     ,
 RUNOFF_INSERTION_THICKNESS      =  0.000000000000000E+000,
 CALVING_INSERTION_THICKNESS     =  0.000000000000000E+000,
 DO_BITWISE_EXACT_SUM    = F
 /

================================================================================
=>Using: ocean_overexchange.f90 ($Id: ocean_overexchange.F90,v 20.0 2013/12/14 00:16:04 fms Exp $)
$Name: tikal $
 &OCEAN_OVEREXCHANGE_NML
 USE_THIS_MODULE = F,
 DEBUG_THIS_MODULE       = F,
 OVEREXCH_NPTS   =           4,
 OVEREXCH_WIDTH  =           1,
 OVEREXCH_WEIGHT_FAR     = F,
 OVERFLOW_MU     =  1.000000000000000E-004,
 OVERFLOW_DELTA  =  0.333300000000000     ,
 OVERFLOW_UMAX   =   5.00000000000000     ,
 DO_BITWISE_EXACT_SUM    = F,
 OVEREXCH_STABILITY      =  0.250000000000000     ,
 OVEREXCH_MIN_THICKNESS  =   4.00000000000000     ,
 OVEREXCH_CHECK_EXTREMA  = F
 /

================================================================================
=>Using: ocean_mixdownslope.f90 ($Id: ocean_mixdownslope.F90,v 20.0 2013/12/14 00:14:28 fms Exp $)
$Name: tikal $
 &OCEAN_MIXDOWNSLOPE_NML
 USE_THIS_MODULE = T,
 DEBUG_THIS_MODULE       = F,
 MIXDOWNSLOPE_NPTS       =           4,
 MIXDOWNSLOPE_WIDTH      =           1,
 MIXDOWNSLOPE_WEIGHT_FAR = F,
 MIXDOWNSLOPE_FRAC_CENTRAL       =  0.250000000000000     ,
 DO_BITWISE_EXACT_SUM    = F,
 READ_MIXDOWNSLOPE_MASK  = F,
 MIXDOWNSLOPE_MASK_GFDL  = T
 /

mixdownslope domain decomposition:    16 X   12
   pe,   is,  ie,  js,  je,    isd, ied, jsd, jed

================================================================================
=>Using: ocean_overflow.f90 ($Id: ocean_overflow.F90,v 20.0 2013/12/14 00:16:06 fms Exp $)
$Name: tikal $
 &OCEAN_OVERFLOW_NML
 USE_THIS_MODULE = F,
 DEBUG_THIS_MODULE       = F,
 OVERFLOW_MU     =  1.000000000000000E-004,
 OVERFLOW_DELTA  =  0.333300000000000     ,
 OVERFLOW_UMAX   =  1.000000000000000E-002,
 DO_BITWISE_EXACT_SUM    = F,
 NO_RETURN_FLOW  = F,
 TRANSPORT_UNITS = Sv                              
 /

================================================================================
=>Using: ocean_overflow_OFP.f90 ($Id: ocean_overflow_OFP.F90,v 20.0 2013/12/14 00:16:08 fms Exp $)
$Name: tikal $

================================================================================
$Id: ocean_diagnostics.F90,v 20.0 2013/12/14 00:12:51 fms Exp $
$Name: tikal $

================================================================================
$Id: ocean_adv_vel_diag.F90,v 20.0 2013/12/14 00:12:49 fms Exp $
$Name: tikal $
 &OCEAN_ADV_VEL_DIAG_NML
 MAX_CFL_VALUE   =   100.000000000000     ,
 LARGE_CFL_VALUE =   10.0000000000000     ,
 VERBOSE_CFL     = F,
 DIAG_STEP       =          60
 /

================================================================================
$Id: ocean_tracer_diag.F90,v 20.0 2013/12/14 00:12:55 fms Exp $
$Name: tikal $
 &OCEAN_TRACER_DIAG_NML
 TRACER_CONSERVE_DAYS    =   1.00000000000000     ,
 DIAG_STEP       =          60,
 PSU2PPT =   1.00486700000000     ,
 DEBUG_DIAGNOSE_MIXINGA  = F,
 DEBUG_DIAGNOSE_MIXINGB  = F,
 DEBUG_DIAGNOSE_MIXINGC  = F,
 DEBUG_DIAGNOSE_MIXINGD  = F,
 SMOOTH_KAPPA_SORT       =           0,
 RHO_GRAD_MIN    =  1.000000000000000E-005,
 RHO_GRAD_MAX    =  1.000000000000000E+028,
 BUOYANCY_CRIT   =  3.000000000000000E-004,
 DO_BITWISE_EXACT_SUM    = F,
 FRAZIL_FACTOR   =   1.00000000000000     ,
 SMOOTH_MLD      = F,
 SMOOTH_MLD_FOR_SUBDUCTION       = T,
 DTHETA_CRIT     =   2.00000000000000     
 /

================================================================================
$Id: ocean_velocity_diag.F90,v 20.0 2013/12/14 00:12:59 fms Exp $
$Name: tikal $
 &OCEAN_VELOCITY_DIAG_NML
 DIAG_STEP       =          60,
 ENERGY_DIAG_STEP        =          60,
 DO_BITWISE_EXACT_SUM    = F,
 DEBUG_THIS_MODULE       = F,
 MAX_CFL_VALUE   =   100.000000000000     ,
 LARGE_CFL_VALUE =   10.0000000000000     ,
 VERBOSE_CFL     = F,
 LAND_CELL_NUM_MAX       =         100
 /

================================================================================
$Id: ocean_increment_eta.F90,v 20.0 2013/12/14 00:15:56 fms Exp $
$Name: tikal $
 &OCEAN_INCREMENT_ETA_NML
 USE_THIS_MODULE = F,
 FRACTION_INCREMENT      =   1.00000000000000     ,
 DAYS_TO_INCREMENT       =           1,
 SECS_TO_INCREMENT       =           0
 /

================================================================================
$Id: ocean_increment_tracer.F90,v 20.0 2013/12/14 00:15:58 fms Exp $
$Name: tikal $
 &OCEAN_INCREMENT_TRACER_NML
 USE_THIS_MODULE = F,
 FRACTION_INCREMENT      =   1.00000000000000     ,
 DAYS_TO_INCREMENT       =           1,
 SECS_TO_INCREMENT       =           0
 /

================================================================================
$Id: ocean_increment_velocity.F90,v 20.0 2013/12/14 00:16:00 fms Exp $
$Name: tikal $
 &OCEAN_INCREMENT_VELOCITY_NML
 USE_THIS_MODULE = F,
 FRACTION_INCREMENT      =   1.00000000000000     ,
 DAYS_TO_INCREMENT       =           1,
 SECS_TO_INCREMENT       =           0
 /

================================================================================
$Id: ocean_wave.F90,v 20.0 2013/12/14 00:17:26 fms Exp $
$Name: tikal $
 &OCEAN_WAVE_NML
 WAVEDAMP        =  -10.0000000000000     ,
 DAMP_WHERE_ICE  = T,
 WRITE_A_RESTART = T,
 DEBUG_THIS_MODULE       = F,
 USE_TMA = T,
 FILTER_WAVE_MOM = T,
 USE_THIS_MODULE = F
 /

================================================================================
SAT_VAPOR_PRES_MOD
unknown
 &SAT_VAPOR_PRES_NML
 SHOW_BAD_VALUE_COUNT_BY_SLICE   = T,
 SHOW_ALL_BAD_VALUES     = F,
 USE_EXACT_QS    = F,
 DO_SIMPLE       = F,
 CONSTRUCT_TABLE_WRT_LIQ = T,
 CONSTRUCT_TABLE_WRT_LIQ_AND_ICE = T
 /
 &ODA_NML
 USE_THIS_MODULE = F,
 ASSIM_METHOD    = NO_ASSIM,
 ASSIM_START_LAT =  -90.0000000000000     ,
 ASSIM_END_LAT   =   90.0000000000000     ,
 NK_ASM  =           0,
 ASSIM_INTERVAL  =          24,
 DO_IAU  = T,
 DO_CONVECT_ADJUST       = T,
 MAX_PROFILES    =      100000,
 MAX_SFC_OBS     =         100,
 SAVE_OMF_SNAPS  = T,
 SAVE_OMA_SNAPS  = F,
 ASSIM_LAYOUT    = 2*0
 /
 &OCEAN_DRIFTERS_NML
 USE_THIS_MODULE = F,
 OUTPUT_INTERVAL =           1
 /
 &DATA_OVERRIDE_NML
 DEBUG_DATA_OVERRIDE     = F,
 GRID_CENTER_BUG = F
 /

================================================================================
atmos_ocean_fluxes_mod
unknown

================================================================================
$Id: flux_exchange.F90,v 20.0 2013/12/13 23:27:41 fms Exp $
$Name: tikal $
 &FLUX_EXCHANGE_NML
 Z_REF_HEAT      =   2.00000000000000     ,
 Z_REF_MOM       =   10.0000000000000     ,
 EX_U_STAR_SMOOTH_BUG    = F,
 SW1WAY_BUG      = F,
 DO_AREA_WEIGHTED_FLUX   = F,
 DEBUG_STOCKS    = F,
 DIVERT_STOCKS_REPORT    = F,
 DO_RUNOFF       = T,
 DO_FORECAST     = F
 /
 ==>Note from flux_exchange_mod(flux_exchange_init):
  Number of exchanged tracers =            1
 Tracer field name :sphum

================================================================================
XGRID_MOD
unknown
 &XGRID_NML
 MAKE_EXCHANGE_REPRODUCE = T,
 INTERP_METHOD   = second_order                                                    ,
 DEBUG_STOCKS    = F,
 XGRID_LOG       = F,
 XGRID_CLOCKS_ON = F,
 MONOTONIC_EXCHANGE      = F,
 NSUBSET =           0,
 DO_ALLTOALL     = T,
 DO_ALLTOALLV    = F
 /

================================================================================
STOCK_CONSTANTS_MOD
unknown

================================================================================
$Id: surface_flux.F90,v 20.0 2013/12/13 23:27:45 fms Exp $
$Name: tikal $
 &SURFACE_FLUX_NML
 NO_NEG_Q        = F,
 USE_VIRTUAL_TEMP        = T,
 ALT_GUSTINESS   = F,
 GUST_CONST      =   1.00000000000000     ,
 GUST_MIN        =  0.000000000000000E+000,
 OLD_DTAUDV      = F,
 USE_MIXING_RATIO        = F,
 NCAR_OCEAN_FLUX = T,
 NCAR_OCEAN_FLUX_ORIG    = F,
 RAOULT_SAT_VAP  = T,
 DO_SIMPLE       = F
 /

================================================================================
$Id: monin_obukhov.F90,v 19.0 2012/01/06 20:10:48 fms Exp $
$Name: tikal $
 &MONIN_OBUKHOV_NML
 RICH_CRIT       =   2.00000000000000     ,
 NEUTRAL = T,
 DRAG_MIN        =  1.000000000000000E-005,
 STABLE_OPTION   =           1,
 ZETA_TRANS      =  0.500000000000000     
 /

================================================================================
$Id: ocean_rough.F90,v 19.0 2012/01/06 20:37:13 fms Exp $
$Name: tikal $
 &OCEAN_ROUGH_NML
 ROUGHNESS_INIT  =  4.400000000000000E-004,
 ROUGHNESS_HEAT  =  5.800000000000000E-005,
 ROUGHNESS_MOM   =  5.800000000000000E-005,
 ROUGHNESS_MOIST =  5.800000000000000E-005,
 ROUGHNESS_MIN   =  1.000000000000000E-006,
 CHARNOCK        =  3.200000000000000E-002,
 ROUGH_SCHEME    = beljaars                        ,
 DO_HIGHWIND     = F,
 DO_CAP40        = F,
 ZCOH1   =  0.000000000000000E+000,
 ZCOQ1   =  0.000000000000000E+000
 /

namelist option USE_FIXED_ROUGH is no longer supported
use variable ROUGH_SCHEME instead

================================================================================
$Id: ocean_albedo.F90,v 19.0 2012/01/06 20:37:11 fms Exp $
$Name: tikal $
 &OCEAN_ALBEDO_NML
 OCEAN_ALBEDO_OPTION     =           2,
 CONST_ALB       =  0.100000000000000     
 /
